Eastern Conference,W,L,W/L%,GB,PS/G,PA/G,SRS,Western Conference,Year
Boston Celtics*,61,21,.744,—,113.5,105.7,7.37,,1980
Philadelphia 76ers*,59,23,.720,2.0,109.1,104.9,4.04,,1980
Washington Bullets*,39,43,.476,22.0,107.0,109.5,-2.27,,1980
New York Knicks,39,43,.476,22.0,114.0,115.1,-0.96,,1980
New Jersey Nets,34,48,.415,27.0,108.3,109.5,-0.98,,1980
Atlanta Hawks*,50,32,.610,—,104.5,101.6,2.83,,1980
Houston Rockets*,41,41,.500,9.0,110.8,110.6,0.27,,1980
San Antonio Spurs*,41,41,.500,9.0,119.4,119.7,-0.24,,1980
Indiana Pacers,37,45,.451,13.0,111.2,111.9,-0.54,,1980
Cleveland Cavaliers,37,45,.451,13.0,114.1,113.8,0.43,,1980
Detroit Pistons,16,66,.195,34.0,108.9,117.2,-7.57,,1980
,49,33,.598,—,110.1,106.1,3.57,Milwaukee Bucks*,1980
,47,35,.573,2.0,108.0,104.9,2.82,Kansas City Kings*,1980
,30,52,.366,19.0,108.3,112.7,-4.22,Denver Nuggets,1980
,30,52,.366,19.0,107.5,110.2,-2.63,Chicago Bulls,1980
,24,58,.293,25.0,102.4,108.4,-5.71,Utah Jazz,1980
,60,22,.732,—,115.1,109.2,5.40,Los Angeles Lakers*,1980
,56,26,.683,4.0,108.5,103.8,4.24,Seattle SuperSonics*,1980
,55,27,.671,5.0,111.1,107.5,3.25,Phoenix Suns*,1980
,38,44,.463,22.0,102.5,103.3,-0.87,Portland Trail Blazers*,1980
,35,47,.427,25.0,107.6,111.7,-3.97,San Diego Clippers,1980
,24,58,.293,36.0,103.6,108.0,-4.20,Golden State Warriors,1980
Boston Celtics*,62,20,.756,—,109.9,104.0,6.05,,1981
Philadelphia 76ers*,62,20,.756,—,111.7,103.8,7.76,,1981
New York Knicks*,50,32,.610,12.0,107.9,106.3,2.00,,1981
Washington Bullets,39,43,.476,23.0,105.6,105.6,0.42,,1981
New Jersey Nets,24,58,.293,38.0,106.9,113.0,-5.15,,1981
Milwaukee Bucks*,60,22,.732,—,113.1,105.9,7.14,,1981
Chicago Bulls*,45,37,.549,15.0,109.0,107.0,2.34,,1981
Indiana Pacers*,44,38,.537,16.0,107.6,106.2,1.72,,1981
Atlanta Hawks,31,51,.378,29.0,104.9,108.0,-2.37,,1981
Cleveland Cavaliers,28,54,.341,32.0,105.7,110.6,-4.15,,1981
Detroit Pistons,21,61,.256,39.0,99.7,106.0,-5.58,,1981
,52,30,.634,—,112.3,109.4,2.18,San Antonio Spurs*,1981
,40,42,.488,12.0,106.9,106.9,-0.49,Kansas City Kings*,1981
,40,42,.488,12.0,108.3,107.9,-0.20,Houston Rockets*,1981
,37,45,.451,15.0,121.8,122.3,-0.95,Denver Nuggets,1981
,28,54,.341,24.0,101.2,107.1,-5.99,Utah Jazz,1981
,15,67,.183,37.0,101.5,109.9,-8.33,Dallas Mavericks,1981
,57,25,.695,—,110.0,104.5,4.83,Phoenix Suns*,1981
,54,28,.659,3.0,111.2,107.3,3.27,Los Angeles Lakers*,1981
,45,37,.549,12.0,110.7,109.8,0.52,Portland Trail Blazers*,1981
,39,43,.476,18.0,109.8,111.0,-1.41,Golden State Warriors,1981
,36,46,.439,21.0,106.5,108.1,-1.78,San Diego Clippers,1981
,34,48,.415,23.0,104.0,105.7,-1.84,Seattle SuperSonics,1981
Boston Celtics*,63,19,.768,—,112.0,105.6,6.35,,1982
Philadelphia 76ers*,58,24,.707,5.0,111.2,105.5,5.74,,1982
New Jersey Nets*,44,38,.537,19.0,106.7,106.0,0.87,,1982
Washington Bullets*,43,39,.524,20.0,103.5,102.6,1.06,,1982
New York Knicks,33,49,.402,30.0,106.2,108.9,-2.15,,1982
Milwaukee Bucks*,55,27,.671,—,108.4,102.9,5.38,,1982
Atlanta Hawks*,42,40,.512,13.0,101.0,100.5,0.81,,1982
Detroit Pistons,39,43,.476,16.0,111.1,112.0,-0.63,,1982
Indiana Pacers,35,47,.427,20.0,102.2,104.0,-1.49,,1982
Chicago Bulls,34,48,.415,21.0,106.6,108.6,-1.57,,1982
Cleveland Cavaliers,15,67,.183,40.0,103.2,111.7,-7.77,,1982
,48,34,.585,—,113.1,110.8,1.79,San Antonio Spurs*,1982
,46,36,.561,2.0,126.5,126.0,0.13,Denver Nuggets*,1982
,46,36,.561,2.0,105.9,105.9,-0.39,Houston Rockets*,1982
,30,52,.366,18.0,107.1,110.2,-3.25,Kansas City Kings,1982
,28,54,.341,20.0,104.6,109.0,-4.48,Dallas Mavericks,1982
,25,57,.305,23.0,110.9,116.6,-5.63,Utah Jazz,1982
,57,25,.695,—,114.6,109.8,4.37,Los Angeles Lakers*,1982
,52,30,.634,5.0,107.3,103.1,3.69,Seattle SuperSonics*,1982
,46,36,.561,11.0,106.2,102.7,3.05,Phoenix Suns*,1982
,45,37,.549,12.0,110.9,109.8,0.80,Golden State Warriors,1982
,42,40,.512,15.0,109.8,109.2,0.39,Portland Trail Blazers,1982
,17,65,.207,40.0,108.5,115.9,-7.05,San Diego Clippers,1982
Philadelphia 76ers*,65,17,.793,—,112.1,104.4,7.53,,1983
Boston Celtics*,56,26,.683,9.0,112.1,106.7,5.34,,1983
New Jersey Nets*,49,33,.598,16.0,105.8,103.0,2.77,,1983
New York Knicks*,44,38,.537,21.0,100.0,97.5,2.58,,1983
Washington Bullets,42,40,.512,23.0,99.2,99.3,0.20,,1983
Milwaukee Bucks*,51,31,.622,—,106.6,102.2,4.32,,1983
Atlanta Hawks*,43,39,.524,8.0,101.6,102.6,-0.72,,1983
Detroit Pistons,37,45,.451,14.0,112.7,113.1,-0.17,,1983
Chicago Bulls,28,54,.341,23.0,111.0,115.9,-4.41,,1983
Cleveland Cavaliers,23,59,.280,28.0,97.1,104.6,-6.78,,1983
Indiana Pacers,20,62,.244,31.0,108.7,114.5,-5.36,,1983
,53,29,.646,—,114.3,110.7,3.10,San Antonio Spurs*,1983
,45,37,.549,8.0,123.2,122.6,0.27,Denver Nuggets*,1983
,45,37,.549,8.0,113.8,112.3,1.04,Kansas City Kings,1983
,38,44,.463,15.0,112.7,113.1,-0.70,Dallas Mavericks,1983
,30,52,.366,23.0,109.0,113.2,-4.22,Utah Jazz,1983
,14,68,.171,39.0,99.3,110.9,-11.12,Houston Rockets,1983
,58,24,.707,—,115.0,109.5,5.06,Los Angeles Lakers*,1983
,53,29,.646,5.0,107.0,102.0,4.61,Phoenix Suns*,1983
,48,34,.585,10.0,110.0,106.8,2.88,Seattle SuperSonics*,1983
,46,36,.561,12.0,107.4,105.3,1.88,Portland Trail Blazers*,1983
,30,52,.366,28.0,108.6,112.3,-3.48,Golden State Warriors,1983
,25,57,.305,33.0,108.6,113.4,-4.61,San Diego Clippers,1983
Boston Celtics*,62,20,.756,—,112.1,105.6,6.42,,1984
Philadelphia 76ers*,52,30,.634,10.0,107.8,105.6,2.39,,1984
New York Knicks*,47,35,.573,15.0,106.9,103.0,3.79,,1984
New Jersey Nets*,45,37,.549,17.0,110.0,108.9,1.27,,1984
Washington Bullets*,35,47,.427,27.0,102.7,105.6,-2.36,,1984
Milwaukee Bucks*,50,32,.610,—,105.7,101.5,4.04,,1984
Detroit Pistons*,49,33,.598,1.0,117.1,113.5,3.52,,1984
Atlanta Hawks*,40,42,.488,10.0,101.5,102.8,-1.08,,1984
Cleveland Cavaliers,28,54,.341,22.0,102.3,106.5,-3.71,,1984
Chicago Bulls,27,55,.329,23.0,103.7,108.9,-4.69,,1984
Indiana Pacers,26,56,.317,24.0,104.5,109.3,-4.25,,1984
,45,37,.549,—,115.0,113.8,0.81,Utah Jazz*,1984
,43,39,.524,2.0,110.4,110.0,0.15,Dallas Mavericks*,1984
,38,44,.463,7.0,123.7,124.8,-1.27,Denver Nuggets*,1984
,38,44,.463,7.0,110.0,111.5,-1.62,Kansas City Kings*,1984
,37,45,.451,8.0,120.3,120.5,-0.50,San Antonio Spurs,1984
,29,53,.354,16.0,110.6,113.7,-3.12,Houston Rockets,1984
,54,28,.659,—,115.6,111.8,3.32,Los Angeles Lakers*,1984
,48,34,.585,6.0,113.1,109.6,3.13,Portland Trail Blazers*,1984
,42,40,.512,12.0,108.1,108.3,-0.34,Seattle SuperSonics*,1984
,41,41,.500,13.0,111.0,110.1,0.65,Phoenix Suns*,1984
,37,45,.451,17.0,109.9,113.3,-3.35,Golden State Warriors,1984
,30,52,.366,24.0,110.7,114.0,-3.21,San Diego Clippers,1984
Boston Celtics*,63,19,.768,—,114.8,108.1,6.47,,1985
Philadelphia 76ers*,58,24,.707,5.0,112.9,108.8,4.17,,1985
New Jersey Nets*,42,40,.512,21.0,109.5,109.2,0.64,,1985
Washington Bullets*,40,42,.488,23.0,105.5,105.8,0.15,,1985
New York Knicks,24,58,.293,39.0,105.2,109.8,-4.09,,1985
Milwaukee Bucks*,59,23,.720,—,110.9,104.0,6.69,,1985
Detroit Pistons*,46,36,.561,13.0,116.0,113.5,2.73,,1985
Chicago Bulls*,38,44,.463,21.0,108.7,109.6,-0.50,,1985
Cleveland Cavaliers*,36,46,.439,23.0,108.6,111.3,-2.27,,1985
Atlanta Hawks,34,48,.415,25.0,106.6,108.1,-1.14,,1985
Indiana Pacers,22,60,.268,37.0,108.3,114.5,-5.46,,1985
,52,30,.634,—,120.0,117.6,2.05,Denver Nuggets*,1985
,48,34,.585,4.0,111.2,109.5,1.38,Houston Rockets*,1985
,44,38,.537,8.0,111.2,109.0,1.80,Dallas Mavericks*,1985
,41,41,.500,11.0,109.0,109.1,-0.33,Utah Jazz*,1985
,41,41,.500,11.0,114.8,113.9,0.63,San Antonio Spurs*,1985
,31,51,.378,21.0,114.8,117.5,-2.71,Kansas City Kings,1985
,62,20,.756,—,118.2,110.9,6.48,Los Angeles Lakers*,1985
,42,40,.512,20.0,115.5,112.1,2.80,Portland Trail Blazers*,1985
,36,46,.439,26.0,108.0,110.1,-2.34,Phoenix Suns*,1985
,31,51,.378,31.0,102.1,107.6,-5.44,Seattle SuperSonics,1985
,31,51,.378,31.0,107.1,111.6,-4.55,Los Angeles Clippers,1985
,22,60,.268,40.0,110.4,117.7,-7.21,Golden State Warriors,1985
Boston Celtics*,67,15,.817,—,114.1,104.7,9.06,,1986
Philadelphia 76ers*,54,28,.659,13.0,110.4,108.0,2.46,,1986
Washington Bullets*,39,43,.476,28.0,103.0,104.8,-1.28,,1986
New Jersey Nets*,39,43,.476,28.0,109.1,111.1,-1.39,,1986
New York Knicks,23,59,.280,44.0,98.7,104.3,-4.82,,1986
Milwaukee Bucks*,57,25,.695,—,114.5,105.5,8.69,,1986
Atlanta Hawks*,50,32,.610,7.0,108.6,106.2,2.59,,1986
Detroit Pistons*,46,36,.561,11.0,114.2,113.0,1.44,,1986
Chicago Bulls*,30,52,.366,27.0,109.3,113.1,-3.12,,1986
Cleveland Cavaliers,29,53,.354,28.0,107.8,110.6,-2.19,,1986
Indiana Pacers,26,56,.317,31.0,103.9,107.2,-2.66,,1986
,51,31,.622,—,114.4,111.8,2.10,Houston Rockets*,1986
,47,35,.573,4.0,114.8,113.5,0.89,Denver Nuggets*,1986
,44,38,.537,7.0,115.3,114.2,0.70,Dallas Mavericks*,1986
,42,40,.512,9.0,108.2,108.5,-0.67,Utah Jazz*,1986
,37,45,.451,14.0,108.8,111.9,-3.19,Sacramento Kings*,1986
,35,47,.427,16.0,111.2,113.1,-2.06,San Antonio Spurs*,1986
,62,20,.756,—,117.3,109.5,6.84,Los Angeles Lakers*,1986
,40,42,.488,22.0,115.1,114.0,0.61,Portland Trail Blazers*,1986
,32,50,.390,30.0,110.0,113.0,-3.16,Phoenix Suns,1986
,32,50,.390,30.0,108.6,115.5,-6.83,Los Angeles Clippers,1986
,31,51,.378,31.0,104.4,104.5,-0.47,Seattle SuperSonics,1986
,30,52,.366,32.0,113.4,116.9,-3.59,Golden State Warriors,1986
Boston Celtics*,59,23,.720,—,112.6,106.0,6.57,,1987
Philadelphia 76ers*,45,37,.549,14.0,106.5,106.6,0.11,,1987
Washington Bullets*,42,40,.512,17.0,106.0,107.3,-1.02,,1987
New Jersey Nets,24,58,.293,35.0,108.5,113.5,-4.42,,1987
New York Knicks,24,58,.293,35.0,103.8,110.0,-5.42,,1987
Atlanta Hawks*,57,25,.695,—,110.0,102.8,7.18,,1987
Detroit Pistons*,52,30,.634,5.0,111.2,107.8,3.51,,1987
Milwaukee Bucks*,50,32,.610,7.0,110.4,106.5,4.04,,1987
Indiana Pacers*,41,41,.500,16.0,106.1,106.7,-0.17,,1987
Chicago Bulls*,40,42,.488,17.0,104.8,103.9,1.26,,1987
Cleveland Cavaliers,31,51,.378,26.0,104.4,108.2,-3.19,,1987
,55,27,.671,—,116.7,110.4,5.54,Dallas Mavericks*,1987
,44,38,.537,11.0,107.9,107.5,0.04,Utah Jazz*,1987
,42,40,.512,13.0,106.9,105.9,0.60,Houston Rockets*,1987
,37,45,.451,18.0,116.7,117.6,-1.14,Denver Nuggets*,1987
,29,53,.354,26.0,110.9,114.1,-3.34,Sacramento Kings,1987
,28,54,.341,27.0,108.3,113.4,-5.09,San Antonio Spurs,1987
,65,17,.793,—,117.8,108.5,8.32,Los Angeles Lakers*,1987
,49,33,.598,16.0,117.9,114.8,2.57,Portland Trail Blazers*,1987
,42,40,.512,23.0,112.0,114.4,-2.54,Golden State Warriors*,1987
,39,43,.476,26.0,113.7,113.3,0.08,Seattle SuperSonics*,1987
,36,46,.439,29.0,111.1,113.5,-2.63,Phoenix Suns,1987
,12,70,.146,53.0,104.5,115.9,-11.00,Los Angeles Clippers,1987
Boston Celtics*,57,25,.695,—,113.6,107.7,6.15,,1988
Washington Bullets*,38,44,.463,19.0,105.5,106.3,-0.16,,1988
New York Knicks*,38,44,.463,19.0,105.5,106.0,0.14,,1988
Philadelphia 76ers,36,46,.439,21.0,105.7,107.1,-0.79,,1988
New Jersey Nets,19,63,.232,38.0,100.4,108.5,-6.98,,1988
Detroit Pistons*,54,28,.659,—,109.2,104.1,5.46,,1988
Chicago Bulls*,50,32,.610,4.0,105.0,101.6,3.76,,1988
Atlanta Hawks*,50,32,.610,4.0,107.9,104.3,4.02,,1988
Milwaukee Bucks*,42,40,.512,12.0,106.1,105.5,1.21,,1988
Cleveland Cavaliers*,42,40,.512,12.0,104.5,103.7,1.28,,1988
Indiana Pacers,38,44,.463,16.0,104.6,105.4,-0.18,,1988
,54,28,.659,—,116.7,112.7,3.32,Denver Nuggets*,1988
,53,29,.646,1.0,109.3,104.9,3.59,Dallas Mavericks*,1988
,47,35,.573,7.0,108.5,104.8,2.96,Utah Jazz*,1988
,46,36,.561,8.0,109.0,107.6,0.82,Houston Rockets*,1988
,31,51,.378,23.0,113.6,118.5,-5.02,San Antonio Spurs*,1988
,24,58,.293,30.0,108.0,113.7,-5.84,Sacramento Kings,1988
,62,20,.756,—,112.8,107.0,4.81,Los Angeles Lakers*,1988
,53,29,.646,9.0,116.1,111.5,3.59,Portland Trail Blazers*,1988
,44,38,.537,18.0,111.4,109.3,1.29,Seattle SuperSonics*,1988
,28,54,.341,34.0,108.5,113.0,-4.80,Phoenix Suns,1988
,20,62,.244,42.0,107.0,115.3,-8.38,Golden State Warriors,1988
,17,65,.207,45.0,98.8,109.1,-10.24,Los Angeles Clippers,1988
New York Knicks*,52,30,.634,—,116.7,112.9,3.62,,1989
Philadelphia 76ers*,46,36,.561,6.0,111.9,110.4,1.68,,1989
Boston Celtics*,42,40,.512,10.0,109.2,108.1,1.26,,1989
Washington Bullets,40,42,.488,12.0,108.3,110.4,-1.77,,1989
New Jersey Nets,26,56,.317,26.0,103.7,110.1,-5.69,,1989
Charlotte Hornets,20,62,.244,32.0,104.5,113.0,-7.74,,1989
Detroit Pistons*,63,19,.768,—,106.6,100.8,6.24,,1989
Cleveland Cavaliers*,57,25,.695,6.0,108.8,101.2,7.95,,1989
Atlanta Hawks*,52,30,.634,11.0,111.0,106.1,5.26,,1989
Milwaukee Bucks*,49,33,.598,14.0,108.9,105.3,4.11,,1989
Chicago Bulls*,47,35,.573,16.0,106.4,105.0,2.13,,1989
Indiana Pacers,28,54,.341,35.0,106.9,111.1,-3.00,,1989
,51,31,.622,—,104.7,99.7,4.01,Utah Jazz*,1989
,45,37,.549,6.0,108.5,107.5,0.22,Houston Rockets*,1989
,44,38,.537,7.0,118.0,116.3,0.91,Denver Nuggets*,1989
,38,44,.463,13.0,103.5,104.7,-1.79,Dallas Mavericks,1989
,21,61,.256,30.0,105.5,112.8,-7.45,San Antonio Spurs,1989
,15,67,.183,36.0,97.8,109.0,-11.13,Miami Heat,1989
,57,25,.695,—,114.7,107.5,6.38,Los Angeles Lakers*,1989
,55,27,.671,2.0,118.6,110.9,6.84,Phoenix Suns*,1989
,47,35,.573,10.0,112.1,109.2,2.44,Seattle SuperSonics*,1989
,43,39,.524,14.0,116.6,116.9,-0.59,Golden State Warriors*,1989
,39,43,.476,18.0,114.6,113.1,0.92,Portland Trail Blazers*,1989
,27,55,.329,30.0,105.5,111.0,-5.35,Sacramento Kings,1989
,21,61,.256,36.0,106.2,116.2,-9.50,Los Angeles Clippers,1989
Philadelphia 76ers*,53,29,.646,—,110.2,105.2,4.23,,1990
Boston Celtics*,52,30,.634,1.0,110.0,106.0,3.23,,1990
New York Knicks*,45,37,.549,8.0,108.3,106.9,0.78,,1990
Washington Bullets,31,51,.378,22.0,107.7,109.9,-2.43,,1990
Miami Heat,18,64,.220,35.0,100.6,110.3,-9.59,,1990
New Jersey Nets,17,65,.207,36.0,100.1,108.0,-7.82,,1990
Detroit Pistons*,59,23,.720,—,104.3,98.3,5.41,,1990
Chicago Bulls*,55,27,.671,4.0,109.5,106.2,2.74,,1990
Milwaukee Bucks*,44,38,.537,15.0,106.0,106.8,-1.06,,1990
Cleveland Cavaliers*,42,40,.512,17.0,102.6,102.9,-0.62,,1990
Indiana Pacers*,42,40,.512,17.0,109.3,109.1,-0.18,,1990
Atlanta Hawks,41,41,.500,18.0,108.5,107.5,0.64,,1990
Orlando Magic,18,64,.220,41.0,110.9,119.8,-8.73,,1990
,56,26,.683,—,106.3,102.8,3.58,San Antonio Spurs*,1990
,55,27,.671,1.0,106.8,102.0,4.82,Utah Jazz*,1990
,47,35,.573,9.0,102.2,102.2,0.42,Dallas Mavericks*,1990
,43,39,.524,13.0,114.6,113.2,1.56,Denver Nuggets*,1990
,41,41,.500,15.0,106.7,105.3,1.71,Houston Rockets*,1990
,22,60,.268,34.0,95.2,99.4,-3.60,Minnesota Timberwolves,1990
,19,63,.232,37.0,100.4,108.2,-7.00,Charlotte Hornets,1990
,63,19,.768,—,110.7,103.9,6.74,Los Angeles Lakers*,1990
,59,23,.720,4.0,114.2,107.9,6.48,Portland Trail Blazers*,1990
,54,28,.659,9.0,114.9,107.8,7.09,Phoenix Suns*,1990
,41,41,.500,22.0,106.9,105.9,1.40,Seattle SuperSonics,1990
,37,45,.451,26.0,116.3,119.4,-2.55,Golden State Warriors,1990
,30,52,.366,33.0,103.8,107.2,-2.80,Los Angeles Clippers,1990
,23,59,.280,40.0,101.7,106.8,-4.41,Sacramento Kings,1990
Boston Celtics*,56,26,.683,—,111.5,105.7,5.22,,1991
Philadelphia 76ers*,44,38,.537,12.0,105.4,105.6,-0.39,,1991
New York Knicks*,39,43,.476,17.0,103.1,103.3,-0.43,,1991
Washington Bullets,30,52,.366,26.0,101.4,106.4,-4.84,,1991
New Jersey Nets,26,56,.317,30.0,102.9,107.5,-4.53,,1991
Miami Heat,24,58,.293,32.0,101.8,107.8,-5.91,,1991
Chicago Bulls*,61,21,.744,—,110.0,101.0,8.57,,1991
Detroit Pistons*,50,32,.610,11.0,100.1,96.8,3.08,,1991
Milwaukee Bucks*,48,34,.585,13.0,106.4,104.0,2.33,,1991
Atlanta Hawks*,43,39,.524,18.0,109.8,109.0,0.72,,1991
Indiana Pacers*,41,41,.500,20.0,111.7,112.1,-0.37,,1991
Cleveland Cavaliers,33,49,.402,28.0,101.7,104.2,-2.33,,1991
Charlotte Hornets,26,56,.317,35.0,102.8,108.0,-4.95,,1991
,55,27,.671,—,107.1,102.6,4.30,San Antonio Spurs*,1991
,54,28,.659,1.0,104.0,100.7,3.18,Utah Jazz*,1991
,52,30,.634,3.0,106.7,103.2,3.27,Houston Rockets*,1991
,31,51,.378,24.0,105.9,109.9,-3.79,Orlando Magic,1991
,29,53,.354,26.0,99.6,103.5,-3.75,Minnesota Timberwolves,1991
,28,54,.341,27.0,99.9,104.5,-4.27,Dallas Mavericks,1991
,20,62,.244,35.0,119.9,130.8,-10.31,Denver Nuggets,1991
,63,19,.768,—,114.7,106.0,8.47,Portland Trail Blazers*,1991
,58,24,.707,5.0,106.3,99.6,6.73,Los Angeles Lakers*,1991
,55,27,.671,8.0,114.0,107.5,6.49,Phoenix Suns*,1991
,44,38,.537,19.0,116.6,115.0,1.72,Golden State Warriors*,1991
,41,41,.500,22.0,106.6,105.4,1.31,Seattle SuperSonics*,1991
,31,51,.378,32.0,103.5,107.0,-3.16,Los Angeles Clippers,1991
,25,57,.305,38.0,96.7,103.5,-6.27,Sacramento Kings,1991
Boston Celtics*,51,31,.622,—,106.6,103.0,3.41,,1992
New York Knicks*,51,31,.622,—,101.6,97.7,3.67,,1992
New Jersey Nets*,40,42,.488,11.0,105.4,107.1,-1.54,,1992
Miami Heat*,38,44,.463,13.0,105.0,109.2,-3.94,,1992
Philadelphia 76ers,35,47,.427,16.0,101.9,103.2,-1.34,,1992
Washington Bullets,25,57,.305,26.0,102.4,106.8,-4.35,,1992
Orlando Magic,21,61,.256,30.0,101.6,108.5,-6.52,,1992
Chicago Bulls*,67,15,.817,—,109.9,99.5,10.07,,1992
Cleveland Cavaliers*,57,25,.695,10.0,108.9,103.4,5.34,,1992
Detroit Pistons*,48,34,.585,19.0,98.9,96.9,2.06,,1992
Indiana Pacers*,40,42,.488,27.0,112.2,110.3,1.85,,1992
Atlanta Hawks,38,44,.463,29.0,106.2,107.7,-1.15,,1992
Milwaukee Bucks,31,51,.378,36.0,105.0,106.7,-1.46,,1992
Charlotte Hornets,31,51,.378,36.0,109.5,113.4,-3.57,,1992
,55,27,.671,—,108.3,101.9,5.70,Utah Jazz*,1992
,47,35,.573,8.0,104.0,100.6,2.81,San Antonio Spurs*,1992
,42,40,.512,13.0,102.0,103.7,-1.94,Houston Rockets,1992
,24,58,.293,31.0,99.7,107.6,-7.59,Denver Nuggets,1992
,22,60,.268,33.0,97.6,105.3,-7.47,Dallas Mavericks,1992
,15,67,.183,40.0,100.5,107.5,-6.85,Minnesota Timberwolves,1992
,57,25,.695,—,111.4,104.1,6.94,Portland Trail Blazers*,1992
,55,27,.671,2.0,118.7,114.8,3.77,Golden State Warriors*,1992
,53,29,.646,4.0,112.1,106.2,5.68,Phoenix Suns*,1992
,47,35,.573,10.0,106.5,104.7,1.86,Seattle SuperSonics*,1992
,45,37,.549,12.0,102.9,101.9,1.10,Los Angeles Clippers*,1992
,43,39,.524,14.0,100.4,101.5,-0.95,Los Angeles Lakers*,1992
,29,53,.354,28.0,104.3,110.3,-5.63,Sacramento Kings,1992
New York Knicks*,60,22,.732,—,101.6,95.4,5.87,,1993
Boston Celtics*,48,34,.585,12.0,103.7,102.8,0.93,,1993
New Jersey Nets*,43,39,.524,17.0,102.8,101.6,1.20,,1993
Orlando Magic,41,41,.500,19.0,105.5,104.2,1.35,,1993
Miami Heat,36,46,.439,24.0,103.6,104.7,-0.93,,1993
Philadelphia 76ers,26,56,.317,34.0,104.3,110.1,-5.25,,1993
Washington Bullets,22,60,.268,38.0,101.9,108.9,-6.49,,1993
Chicago Bulls*,57,25,.695,—,105.2,98.9,6.19,,1993
Cleveland Cavaliers*,54,28,.659,3.0,107.7,101.3,6.30,,1993
Charlotte Hornets*,44,38,.537,13.0,110.1,110.4,-0.02,,1993
Atlanta Hawks*,43,39,.524,14.0,107.5,108.4,-0.67,,1993
Indiana Pacers*,41,41,.500,16.0,107.8,106.1,1.77,,1993
Detroit Pistons,40,42,.488,17.0,100.6,102.0,-1.10,,1993
Milwaukee Bucks,28,54,.341,29.0,102.3,106.1,-3.26,,1993
,55,27,.671,—,104.0,99.8,3.57,Houston Rockets*,1993
,49,33,.598,6.0,105.5,102.8,2.21,San Antonio Spurs*,1993
,47,35,.573,8.0,106.2,104.0,1.74,Utah Jazz*,1993
,36,46,.439,19.0,105.2,106.9,-2.14,Denver Nuggets,1993
,19,63,.232,36.0,98.1,105.9,-7.62,Minnesota Timberwolves,1993
,11,71,.134,44.0,99.3,114.5,-14.68,Dallas Mavericks,1993
,62,20,.756,—,113.4,106.7,6.27,Phoenix Suns*,1993
,55,27,.671,7.0,108.3,101.3,6.66,Seattle SuperSonics*,1993
,51,31,.622,11.0,108.5,105.4,2.92,Portland Trail Blazers*,1993
,41,41,.500,21.0,107.1,106.8,0.33,Los Angeles Clippers*,1993
,39,43,.476,23.0,104.2,105.5,-1.20,Los Angeles Lakers*,1993
,34,48,.415,28.0,109.9,110.9,-0.94,Golden State Warriors,1993
,25,57,.305,37.0,107.9,111.1,-3.00,Sacramento Kings,1993
New York Knicks*,57,25,.695,—,98.5,91.5,6.48,,1994
Orlando Magic*,50,32,.610,7.0,105.7,101.8,3.68,,1994
New Jersey Nets*,45,37,.549,12.0,103.2,101.0,2.11,,1994
Miami Heat*,42,40,.512,15.0,103.4,100.7,2.40,,1994
Boston Celtics,32,50,.390,25.0,100.8,105.1,-4.28,,1994
Philadelphia 76ers,25,57,.305,32.0,98.0,105.6,-7.37,,1994
Washington Bullets,24,58,.293,33.0,100.4,107.7,-7.13,,1994
Atlanta Hawks*,57,25,.695,—,101.4,96.2,4.94,,1994
Chicago Bulls*,55,27,.671,2.0,98.0,94.9,2.87,,1994
Indiana Pacers*,47,35,.573,10.0,101.0,97.5,3.26,,1994
Cleveland Cavaliers*,47,35,.573,10.0,101.2,97.1,3.64,,1994
Charlotte Hornets,41,41,.500,16.0,106.5,106.7,-0.23,,1994
Milwaukee Bucks,20,62,.244,37.0,96.9,103.4,-6.24,,1994
Detroit Pistons,20,62,.244,37.0,96.9,104.7,-7.46,,1994
,58,24,.707,—,101.1,96.8,4.19,Houston Rockets*,1994
,55,27,.671,3.0,100.0,94.8,5.05,San Antonio Spurs*,1994
,53,29,.646,5.0,101.9,97.7,4.10,Utah Jazz*,1994
,42,40,.512,16.0,100.3,98.8,1.54,Denver Nuggets*,1994
,20,62,.244,38.0,96.7,103.6,-6.55,Minnesota Timberwolves,1994
,13,69,.159,45.0,95.1,103.8,-8.19,Dallas Mavericks,1994
,63,19,.768,—,105.9,96.9,8.68,Seattle SuperSonics*,1994
,56,26,.683,7.0,108.2,103.4,4.68,Phoenix Suns*,1994
,50,32,.610,13.0,107.9,106.1,1.76,Golden State Warriors*,1994
,47,35,.573,16.0,107.3,104.6,2.60,Portland Trail Blazers*,1994
,33,49,.402,30.0,100.4,104.7,-3.93,Los Angeles Lakers,1994
,28,54,.341,35.0,101.1,106.9,-5.32,Sacramento Kings,1994
,27,55,.329,36.0,103.0,108.7,-5.28,Los Angeles Clippers,1994
Orlando Magic*,57,25,.695,—,110.9,103.8,6.44,,1995
New York Knicks*,55,27,.671,2.0,98.2,95.1,2.78,,1995
Boston Celtics*,35,47,.427,22.0,102.8,104.7,-1.92,,1995
Miami Heat,32,50,.390,25.0,101.1,102.8,-1.85,,1995
New Jersey Nets,30,52,.366,27.0,98.1,101.2,-3.28,,1995
Philadelphia 76ers,24,58,.293,33.0,95.4,100.4,-5.06,,1995
Washington Bullets,21,61,.256,36.0,100.5,106.1,-5.56,,1995
Indiana Pacers*,52,30,.634,—,99.2,95.5,3.35,,1995
Charlotte Hornets*,50,32,.610,2.0,100.6,97.3,2.87,,1995
Chicago Bulls*,47,35,.573,5.0,101.5,96.7,4.32,,1995
Cleveland Cavaliers*,43,39,.524,9.0,90.5,89.8,0.55,,1995
Atlanta Hawks*,42,40,.512,10.0,96.6,95.3,1.06,,1995
Milwaukee Bucks,34,48,.415,18.0,99.3,103.7,-4.30,,1995
Detroit Pistons,28,54,.341,24.0,98.2,105.5,-7.08,,1995
,62,20,.756,—,106.6,100.6,5.90,San Antonio Spurs*,1995
,60,22,.732,2.0,106.4,98.4,7.76,Utah Jazz*,1995
,47,35,.573,15.0,103.5,101.4,2.32,Houston Rockets*,1995
,41,41,.500,21.0,101.3,100.5,0.96,Denver Nuggets*,1995
,36,46,.439,26.0,103.2,106.1,-2.39,Dallas Mavericks,1995
,21,61,.256,41.0,94.2,103.2,-8.22,Minnesota Timberwolves,1995
,59,23,.720,—,110.6,106.8,3.86,Phoenix Suns*,1995
,57,25,.695,2.0,110.4,102.2,7.91,Seattle SuperSonics*,1995
,48,34,.585,11.0,105.1,105.3,-0.01,Los Angeles Lakers*,1995
,44,38,.537,15.0,103.1,99.2,3.80,Portland Trail Blazers*,1995
,39,43,.476,20.0,98.2,99.2,-0.74,Sacramento Kings,1995
,26,56,.317,33.0,105.7,111.1,-4.90,Golden State Warriors,1995
,17,65,.207,42.0,96.7,105.8,-8.43,Los Angeles Clippers,1995
Orlando Magic*,60,22,.732,—,104.5,99.0,5.40,,1996
New York Knicks*,47,35,.573,13.0,97.2,94.9,2.24,,1996
Miami Heat*,42,40,.512,18.0,96.5,95.0,1.46,,1996
Washington Bullets,39,43,.476,21.0,102.5,101.5,0.99,,1996
Boston Celtics,33,49,.402,27.0,103.6,107.0,-3.37,,1996
New Jersey Nets,30,52,.366,30.0,93.7,97.9,-4.14,,1996
Philadelphia 76ers,18,64,.220,42.0,94.5,104.5,-9.45,,1996
Chicago Bulls*,72,10,.878,—,105.2,92.9,11.80,,1996
Indiana Pacers*,52,30,.634,20.0,99.3,96.1,3.11,,1996
Cleveland Cavaliers*,47,35,.573,25.0,91.1,88.5,2.49,,1996
Atlanta Hawks*,46,36,.561,26.0,98.3,97.1,1.29,,1996
Detroit Pistons*,46,36,.561,26.0,95.4,92.9,2.45,,1996
Charlotte Hornets,41,41,.500,31.0,102.8,103.4,-0.48,,1996
Milwaukee Bucks,25,57,.305,47.0,95.6,100.9,-4.92,,1996
Toronto Raptors,21,61,.256,51.0,97.5,105.0,-7.20,,1996
,59,23,.720,—,103.4,97.1,5.98,San Antonio Spurs*,1996
,55,27,.671,4.0,102.5,95.9,6.25,Utah Jazz*,1996
,48,34,.585,11.0,102.5,100.7,1.63,Houston Rockets*,1996
,35,47,.427,24.0,97.7,100.4,-2.62,Denver Nuggets,1996
,26,56,.317,33.0,97.9,103.2,-5.14,Minnesota Timberwolves,1996
,26,56,.317,33.0,102.5,107.5,-4.71,Dallas Mavericks,1996
,15,67,.183,44.0,89.8,99.8,-9.55,Vancouver Grizzlies,1996
,64,18,.780,—,104.5,96.7,7.40,Seattle SuperSonics*,1996
,53,29,.646,11.0,102.9,98.5,4.21,Los Angeles Lakers*,1996
,44,38,.537,20.0,99.3,97.0,2.21,Portland Trail Blazers*,1996
,41,41,.500,23.0,104.3,104.0,0.28,Phoenix Suns*,1996
,39,43,.476,25.0,99.5,102.3,-2.62,Sacramento Kings*,1996
,36,46,.439,28.0,101.6,103.1,-1.42,Golden State Warriors,1996
,29,53,.354,35.0,99.4,103.0,-3.46,Los Angeles Clippers,1996
Miami Heat*,61,21,.744,—,94.8,89.3,5.56,,1997
New York Knicks*,57,25,.695,4.0,95.4,92.2,3.31,,1997
Orlando Magic*,45,37,.549,16.0,94.1,94.5,-0.07,,1997
Washington Bullets*,44,38,.537,17.0,99.4,97.7,1.77,,1997
New Jersey Nets,26,56,.317,35.0,97.2,101.8,-3.89,,1997
Philadelphia 76ers,22,60,.268,39.0,100.2,106.7,-5.89,,1997
Boston Celtics,15,67,.183,46.0,100.6,107.9,-6.62,,1997
Chicago Bulls*,69,13,.841,—,103.1,92.3,10.70,,1997
Atlanta Hawks*,56,26,.683,13.0,94.8,89.4,5.52,,1997
Detroit Pistons*,54,28,.659,15.0,94.2,88.9,5.45,,1997
Charlotte Hornets*,54,28,.659,15.0,98.9,97.0,2.13,,1997
Cleveland Cavaliers,42,40,.512,27.0,87.5,85.6,2.32,,1997
Indiana Pacers,39,43,.476,30.0,95.4,94.4,1.49,,1997
Milwaukee Bucks,33,49,.402,36.0,95.3,97.2,-1.38,,1997
Toronto Raptors,30,52,.366,39.0,95.5,98.6,-2.56,,1997
,64,18,.780,—,103.1,94.3,7.97,Utah Jazz*,1997
,57,25,.695,7.0,100.6,96.1,3.85,Houston Rockets*,1997
,40,42,.488,24.0,96.1,97.6,-1.82,Minnesota Timberwolves*,1997
,24,58,.293,40.0,90.6,97.0,-6.47,Dallas Mavericks,1997
,21,61,.256,43.0,97.8,104.1,-6.40,Denver Nuggets,1997
,20,62,.244,44.0,90.5,98.3,-7.93,San Antonio Spurs,1997
,14,68,.171,50.0,89.2,99.4,-10.17,Vancouver Grizzlies,1997
,57,25,.695,—,100.9,93.2,6.91,Seattle SuperSonics*,1997
,56,26,.683,1.0,100.0,95.7,3.66,Los Angeles Lakers*,1997
,49,33,.598,8.0,99.0,94.8,3.56,Portland Trail Blazers*,1997
,40,42,.488,17.0,102.8,102.2,0.21,Phoenix Suns*,1997
,36,46,.439,21.0,97.2,99.5,-2.66,Los Angeles Clippers*,1997
,34,48,.415,23.0,96.4,99.8,-3.64,Sacramento Kings,1997
,30,52,.366,27.0,99.6,104.4,-4.90,Golden State Warriors,1997
Miami Heat*,55,27,.671,—,95.0,90.0,5.09,,1998
New York Knicks*,43,39,.524,12.0,91.6,89.1,2.74,,1998
New Jersey Nets*,43,39,.524,12.0,99.6,98.1,1.88,,1998
Washington Wizards,42,40,.512,13.0,97.2,96.6,1.11,,1998
Orlando Magic,41,41,.500,14.0,90.1,91.2,-0.53,,1998
Boston Celtics,36,46,.439,19.0,95.9,98.5,-1.96,,1998
Philadelphia 76ers,31,51,.378,24.0,93.3,95.7,-1.89,,1998
Chicago Bulls*,62,20,.756,—,96.7,89.6,7.24,,1998
Indiana Pacers*,58,24,.707,4.0,96.0,89.9,6.25,,1998
Charlotte Hornets*,51,31,.622,11.0,96.6,94.6,2.45,,1998
Atlanta Hawks*,50,32,.610,12.0,95.9,92.3,3.85,,1998
Cleveland Cavaliers*,47,35,.573,15.0,92.5,89.8,3.06,,1998
Detroit Pistons,37,45,.451,25.0,94.2,92.6,1.95,,1998
Milwaukee Bucks,36,46,.439,26.0,94.5,96.4,-1.33,,1998
Toronto Raptors,16,66,.195,46.0,94.9,104.2,-8.33,,1998
,62,20,.756,—,101.0,94.4,5.73,Utah Jazz*,1998
,56,26,.683,6.0,92.5,88.5,3.30,San Antonio Spurs*,1998
,45,37,.549,17.0,101.1,100.4,0.17,Minnesota Timberwolves*,1998
,41,41,.500,21.0,98.8,99.5,-1.23,Houston Rockets*,1998
,20,62,.244,42.0,91.4,97.5,-6.33,Dallas Mavericks,1998
,19,63,.232,43.0,96.6,103.9,-7.47,Vancouver Grizzlies,1998
,11,71,.134,51.0,89.0,100.8,-11.74,Denver Nuggets,1998
,61,21,.744,—,100.6,93.4,6.33,Seattle SuperSonics*,1998
,61,21,.744,—,105.5,97.8,6.88,Los Angeles Lakers*,1998
,56,26,.683,5.0,99.6,94.4,4.44,Phoenix Suns*,1998
,46,36,.561,15.0,94.3,92.9,0.83,Portland Trail Blazers*,1998
,27,55,.329,34.0,93.1,98.7,-5.83,Sacramento Kings,1998
,19,63,.232,42.0,88.3,97.4,-9.20,Golden State Warriors,1998
,17,65,.207,44.0,95.9,103.3,-7.53,Los Angeles Clippers,1998
Miami Heat*,33,17,.660,—,89.0,84.0,5.11,,1999
Orlando Magic*,33,17,.660,—,89.5,86.9,3.11,,1999
Philadelphia 76ers*,28,22,.560,5.0,89.7,87.6,2.56,,1999
New York Knicks*,27,23,.540,6.0,86.4,85.4,1.45,,1999
Boston Celtics,19,31,.380,14.0,93.0,94.9,-1.75,,1999
Washington Wizards,18,32,.360,15.0,91.2,93.4,-1.75,,1999
New Jersey Nets,16,34,.320,17.0,91.4,95.2,-3.20,,1999
Indiana Pacers*,33,17,.660,—,94.7,90.9,3.86,,1999
Atlanta Hawks*,31,19,.620,2.0,86.3,83.4,2.82,,1999
Detroit Pistons*,29,21,.580,4.0,90.4,86.9,3.97,,1999
Milwaukee Bucks*,28,22,.560,5.0,91.7,90.0,1.66,,1999
Charlotte Hornets,26,24,.520,7.0,92.9,93.0,0.63,,1999
Toronto Raptors,23,27,.460,10.0,91.1,92.8,-1.32,,1999
Cleveland Cavaliers,22,28,.440,11.0,86.4,88.2,-0.94,,1999
Chicago Bulls,13,37,.260,20.0,81.9,91.4,-8.58,,1999
,37,13,.740,—,92.8,84.7,7.12,San Antonio Spurs*,1999
,37,13,.740,—,93.3,86.8,5.54,Utah Jazz*,1999
,31,19,.620,6.0,94.2,91.9,1.39,Houston Rockets*,1999
,25,25,.500,12.0,92.9,92.6,-0.17,Minnesota Timberwolves*,1999
,19,31,.380,18.0,91.6,94.0,-2.50,Dallas Mavericks,1999
,14,36,.280,23.0,93.5,100.1,-6.67,Denver Nuggets,1999
,8,42,.160,29.0,88.9,97.5,-8.94,Vancouver Grizzlies,1999
,35,15,.700,—,94.8,88.5,5.67,Portland Trail Blazers*,1999
,31,19,.620,4.0,99.0,96.0,2.68,Los Angeles Lakers*,1999
,27,23,.540,8.0,95.6,93.3,2.15,Phoenix Suns*,1999
,27,23,.540,8.0,100.2,100.6,-0.89,Sacramento Kings*,1999
,25,25,.500,10.0,94.9,95.9,-1.43,Seattle SuperSonics,1999
,21,29,.420,14.0,88.3,90.8,-2.63,Golden State Warriors,1999
,9,41,.180,26.0,90.4,99.2,-8.94,Los Angeles Clippers,1999
Miami Heat*,52,30,.634,—,94.4,91.3,2.75,,2000
New York Knicks*,50,32,.610,2.0,92.1,90.7,1.30,,2000
Philadelphia 76ers*,49,33,.598,3.0,94.8,93.4,1.02,,2000
Orlando Magic,41,41,.500,11.0,100.1,99.4,0.43,,2000
Boston Celtics,35,47,.427,17.0,99.3,100.1,-1.00,,2000
New Jersey Nets,31,51,.378,21.0,98.0,99.0,-1.18,,2000
Washington Wizards,29,53,.354,23.0,96.6,99.9,-3.47,,2000
Indiana Pacers*,56,26,.683,—,101.3,96.7,4.15,,2000
Charlotte Hornets*,49,33,.598,7.0,98.4,95.8,2.33,,2000
Toronto Raptors*,45,37,.549,11.0,97.2,97.3,-0.46,,2000
Detroit Pistons*,42,40,.512,14.0,103.5,102.0,1.13,,2000
Milwaukee Bucks*,42,40,.512,14.0,101.2,101.0,-0.06,,2000
Cleveland Cavaliers,32,50,.390,24.0,97.0,100.5,-3.64,,2000
Atlanta Hawks,28,54,.341,28.0,94.3,99.7,-5.41,,2000
Chicago Bulls,17,65,.207,39.0,84.8,94.2,-9.23,,2000
,55,27,.671,—,96.5,92.0,4.52,Utah Jazz*,2000
,53,29,.646,2.0,96.2,90.2,5.92,San Antonio Spurs*,2000
,50,32,.610,5.0,98.5,96.0,2.67,Minnesota Timberwolves*,2000
,40,42,.488,15.0,101.4,102.0,-0.29,Dallas Mavericks,2000
,35,47,.427,20.0,99.0,101.1,-1.76,Denver Nuggets,2000
,34,48,.415,21.0,99.5,100.3,-0.57,Houston Rockets,2000
,22,60,.268,33.0,93.9,99.5,-5.10,Vancouver Grizzlies,2000
,67,15,.817,—,100.8,92.3,8.41,Los Angeles Lakers*,2000
,59,23,.720,8.0,97.5,91.0,6.36,Portland Trail Blazers*,2000
,53,29,.646,14.0,98.9,93.7,5.24,Phoenix Suns*,2000
,45,37,.549,22.0,99.1,98.1,1.17,Seattle SuperSonics*,2000
,44,38,.537,23.0,105.0,102.0,3.04,Sacramento Kings*,2000
,19,63,.232,48.0,95.5,103.8,-7.63,Golden State Warriors,2000
,15,67,.183,52.0,92.0,103.5,-10.73,Los Angeles Clippers,2000
Philadelphia 76ers*,56,26,.683,—,94.7,90.4,3.64,,2001
Miami Heat*,50,32,.610,6.0,88.9,86.6,1.73,,2001
New York Knicks*,48,34,.585,8.0,88.7,86.1,1.98,,2001
Orlando Magic*,43,39,.524,13.0,97.5,96.5,0.39,,2001
Boston Celtics,36,46,.439,20.0,94.6,96.8,-2.40,,2001
New Jersey Nets,26,56,.317,30.0,92.1,97.1,-5.30,,2001
Washington Wizards,19,63,.232,37.0,93.2,99.9,-6.75,,2001
Milwaukee Bucks*,52,30,.634,—,100.7,96.9,3.14,,2001
Toronto Raptors*,47,35,.573,5.0,97.6,95.4,1.69,,2001
Charlotte Hornets*,46,36,.561,6.0,91.9,89.8,1.45,,2001
Indiana Pacers*,41,41,.500,11.0,92.6,92.8,-0.77,,2001
Detroit Pistons,32,50,.390,20.0,95.6,97.3,-2.08,,2001
Cleveland Cavaliers,30,52,.366,22.0,92.2,96.5,-4.48,,2001
Atlanta Hawks,25,57,.305,27.0,91.0,96.2,-5.55,,2001
Chicago Bulls,15,67,.183,37.0,87.6,96.7,-9.09,,2001
,58,24,.707,—,96.2,88.4,7.92,San Antonio Spurs*,2001
,53,29,.646,5.0,97.1,92.4,5.00,Utah Jazz*,2001
,53,29,.646,5.0,100.5,96.2,4.61,Dallas Mavericks*,2001
,47,35,.573,11.0,97.3,96.0,1.81,Minnesota Timberwolves*,2001
,45,37,.549,13.0,97.2,94.9,2.71,Houston Rockets,2001
,40,42,.488,18.0,96.6,99.0,-1.83,Denver Nuggets,2001
,23,59,.280,35.0,91.7,97.5,-4.94,Vancouver Grizzlies,2001
,56,26,.683,—,100.6,97.2,3.74,Los Angeles Lakers*,2001
,55,27,.671,1.0,101.7,95.9,6.07,Sacramento Kings*,2001
,51,31,.622,5.0,94.0,91.8,2.63,Phoenix Suns*,2001
,50,32,.610,6.0,95.4,91.2,4.52,Portland Trail Blazers*,2001
,44,38,.537,12.0,97.3,97.3,0.55,Seattle SuperSonics,2001
,31,51,.378,25.0,92.5,95.3,-2.23,Los Angeles Clippers,2001
,17,65,.207,39.0,92.5,101.5,-8.11,Golden State Warriors,2001
New Jersey Nets*,52,30,.634,—,96.2,92.0,3.67,,2002
Boston Celtics*,49,33,.598,3.0,96.4,94.1,1.75,,2002
Orlando Magic*,44,38,.537,8.0,100.5,98.9,1.25,,2002
Philadelphia 76ers*,43,39,.524,9.0,91.0,89.4,1.27,,2002
Washington Wizards,37,45,.451,15.0,92.8,94.2,-1.58,,2002
Miami Heat,36,46,.439,16.0,87.2,88.7,-1.84,,2002
New York Knicks,30,52,.366,22.0,91.6,95.6,-4.15,,2002
Detroit Pistons*,50,32,.610,—,94.3,92.2,1.69,,2002
Charlotte Hornets*,44,38,.537,6.0,93.9,92.9,0.57,,2002
Toronto Raptors*,42,40,.512,8.0,91.4,91.8,-0.71,,2002
Indiana Pacers*,42,40,.512,8.0,96.8,96.5,-0.07,,2002
Milwaukee Bucks,41,41,.500,9.0,97.5,97.7,-0.62,,2002
Atlanta Hawks,33,49,.402,17.0,94.0,98.3,-4.41,,2002
Cleveland Cavaliers,29,53,.354,21.0,95.3,98.6,-3.52,,2002
Chicago Bulls,21,61,.256,29.0,89.5,98.0,-8.52,,2002
,58,24,.707,—,96.7,90.5,6.28,San Antonio Spurs*,2002
,57,25,.695,1.0,105.2,101.0,4.41,Dallas Mavericks*,2002
,50,32,.610,8.0,99.3,96.0,3.58,Minnesota Timberwolves*,2002
,44,38,.537,14.0,96.0,95.1,1.21,Utah Jazz*,2002
,28,54,.341,30.0,92.3,97.2,-4.31,Houston Rockets,2002
,27,55,.329,31.0,92.2,98.0,-5.19,Denver Nuggets,2002
,23,59,.280,35.0,89.9,97.3,-6.74,Memphis Grizzlies,2002
,61,21,.744,—,104.6,97.0,7.61,Sacramento Kings*,2002
,58,24,.707,3.0,101.3,94.1,7.15,Los Angeles Lakers*,2002
,49,33,.598,12.0,96.6,93.7,3.21,Portland Trail Blazers*,2002
,45,37,.549,16.0,97.7,94.7,3.24,Seattle SuperSonics*,2002
,39,43,.476,22.0,95.7,96.1,-0.09,Los Angeles Clippers,2002
,36,46,.439,25.0,95.1,95.8,-0.30,Phoenix Suns,2002
,21,61,.256,40.0,97.7,103.1,-4.80,Golden State Warriors,2002
New Jersey Nets*,49,33,.598,—,95.4,90.1,4.42,,2003
Philadelphia 76ers*,48,34,.585,1.0,96.8,94.5,1.76,,2003
Boston Celtics*,44,38,.537,5.0,92.7,93.1,-0.75,,2003
Orlando Magic*,42,40,.512,7.0,98.5,98.4,-0.39,,2003
Washington Wizards,37,45,.451,12.0,91.5,92.5,-1.47,,2003
New York Knicks,37,45,.451,12.0,95.9,97.2,-1.61,,2003
Miami Heat,25,57,.305,24.0,85.6,90.6,-5.13,,2003
Detroit Pistons*,50,32,.610,—,91.4,87.7,2.97,,2003
Indiana Pacers*,48,34,.585,2.0,96.8,93.3,2.79,,2003
New Orleans Hornets*,47,35,.573,3.0,93.9,91.8,1.52,,2003
Milwaukee Bucks*,42,40,.512,8.0,99.5,99.3,-0.24,,2003
Atlanta Hawks,35,47,.427,15.0,94.1,97.6,-3.87,,2003
Chicago Bulls,30,52,.366,20.0,95.0,100.1,-5.31,,2003
Toronto Raptors,24,58,.293,26.0,90.9,96.8,-6.10,,2003
Cleveland Cavaliers,17,65,.207,33.0,91.4,101.0,-9.59,,2003
,60,22,.732,—,95.8,90.4,5.65,San Antonio Spurs*,2003
,60,22,.732,—,103.0,95.2,7.90,Dallas Mavericks*,2003
,51,31,.622,9.0,98.1,96.0,2.46,Minnesota Timberwolves*,2003
,47,35,.573,13.0,94.7,92.3,2.76,Utah Jazz*,2003
,43,39,.524,17.0,93.8,92.3,1.89,Houston Rockets,2003
,28,54,.341,32.0,97.5,100.7,-2.60,Memphis Grizzlies,2003
,17,65,.207,43.0,84.2,92.4,-7.41,Denver Nuggets,2003
,59,23,.720,—,101.7,95.2,6.68,Sacramento Kings*,2003
,50,32,.610,9.0,100.4,98.0,2.71,Los Angeles Lakers*,2003
,50,32,.610,9.0,95.2,92.5,2.97,Portland Trail Blazers*,2003
,44,38,.537,15.0,95.5,94.4,1.57,Phoenix Suns*,2003
,40,42,.488,19.0,92.1,92.3,0.37,Seattle SuperSonics,2003
,38,44,.463,21.0,102.4,103.6,-0.60,Golden State Warriors,2003
,27,55,.329,32.0,93.8,97.9,-3.45,Los Angeles Clippers,2003
New Jersey Nets*,47,35,.573,—,90.3,87.8,1.88,,2004
Miami Heat*,42,40,.512,5.0,90.3,89.7,-0.13,,2004
New York Knicks*,39,43,.476,8.0,92.0,93.5,-1.97,,2004
Boston Celtics*,36,46,.439,11.0,95.3,96.7,-1.99,,2004
Philadelphia 76ers,33,49,.402,14.0,88.0,90.5,-2.95,,2004
Washington Wizards,25,57,.305,22.0,91.8,97.4,-6.12,,2004
Orlando Magic,21,61,.256,26.0,94.0,101.1,-7.25,,2004
Indiana Pacers*,61,21,.744,—,91.4,85.6,4.93,,2004
Detroit Pistons*,54,28,.659,7.0,90.1,84.3,5.04,,2004
New Orleans Hornets*,41,41,.500,20.0,91.8,91.9,-0.72,,2004
Milwaukee Bucks*,41,41,.500,20.0,98.0,97.0,0.42,,2004
Cleveland Cavaliers,35,47,.427,26.0,92.9,95.5,-3.07,,2004
Toronto Raptors,33,49,.402,28.0,85.4,88.5,-3.42,,2004
Atlanta Hawks,28,54,.341,33.0,92.8,97.5,-5.00,,2004
Chicago Bulls,23,59,.280,38.0,89.7,96.0,-6.69,,2004
,58,24,.707,—,94.5,89.1,5.86,Minnesota Timberwolves*,2004
,57,25,.695,1.0,91.5,84.3,7.51,San Antonio Spurs*,2004
,52,30,.634,6.0,105.2,100.8,4.86,Dallas Mavericks*,2004
,50,32,.610,8.0,96.7,94.3,2.95,Memphis Grizzlies*,2004
,45,37,.549,13.0,89.8,88.0,2.28,Houston Rockets*,2004
,43,39,.524,15.0,97.2,96.1,1.65,Denver Nuggets*,2004
,42,40,.512,16.0,88.7,89.9,-0.53,Utah Jazz,2004
,56,26,.683,—,98.2,94.3,4.35,Los Angeles Lakers*,2004
,55,27,.671,1.0,102.8,97.8,5.41,Sacramento Kings*,2004
,41,41,.500,15.0,90.7,92.0,-0.58,Portland Trail Blazers,2004
,37,45,.451,19.0,93.3,94.0,-0.07,Golden State Warriors,2004
,37,45,.451,19.0,97.1,97.8,0.02,Seattle SuperSonics,2004
,29,53,.354,27.0,94.2,97.9,-2.94,Phoenix Suns,2004
,28,54,.341,28.0,94.8,99.4,-3.74,Los Angeles Clippers,2004
Boston Celtics*,45,37,.549,—,101.3,100.4,0.35,,2005
Philadelphia 76ers*,43,39,.524,2.0,99.1,99.9,-1.07,,2005
New Jersey Nets*,42,40,.512,3.0,91.4,92.9,-1.82,,2005
Toronto Raptors,33,49,.402,12.0,99.7,101.4,-1.81,,2005
New York Knicks,33,49,.402,12.0,97.3,99.7,-2.72,,2005
Detroit Pistons*,54,28,.659,—,93.3,89.5,3.31,,2005
Chicago Bulls*,47,35,.573,7.0,94.5,93.4,0.65,,2005
Indiana Pacers*,44,38,.537,10.0,93.0,92.2,0.49,,2005
Cleveland Cavaliers,42,40,.512,12.0,96.5,95.7,0.27,,2005
Milwaukee Bucks,30,52,.366,24.0,97.2,100.2,-3.09,,2005
Miami Heat*,59,23,.720,—,101.5,95.0,5.77,,2005
Washington Wizards*,45,37,.549,14.0,100.5,100.8,-0.71,,2005
Orlando Magic,36,46,.439,23.0,99.5,101.8,-2.52,,2005
Charlotte Bobcats,18,64,.220,41.0,94.3,100.2,-6.15,,2005
Atlanta Hawks,13,69,.159,46.0,92.7,102.5,-9.62,,2005
,52,30,.634,—,98.9,96.6,2.59,Seattle SuperSonics*,2005
,49,33,.598,3.0,99.5,97.5,2.23,Denver Nuggets*,2005
,44,38,.537,8.0,96.8,95.3,1.73,Minnesota Timberwolves,2005
,27,55,.329,25.0,92.9,96.9,-3.45,Portland Trail Blazers,2005
,26,56,.317,26.0,93.0,97.3,-3.74,Utah Jazz,2005
,62,20,.756,—,110.4,103.3,7.08,Phoenix Suns*,2005
,50,32,.610,12.0,103.7,101.6,2.56,Sacramento Kings*,2005
,37,45,.451,25.0,95.7,96.5,-0.47,Los Angeles Clippers,2005
,34,48,.415,28.0,98.7,101.7,-2.32,Los Angeles Lakers,2005
,34,48,.415,28.0,98.7,100.9,-1.74,Golden State Warriors,2005
,59,23,.720,—,96.2,88.4,7.84,San Antonio Spurs*,2005
,58,24,.707,1.0,102.5,96.8,5.86,Dallas Mavericks*,2005
,51,31,.622,8.0,95.1,91.0,4.27,Houston Rockets*,2005
,45,37,.549,14.0,93.4,91.1,2.64,Memphis Grizzlies*,2005
,18,64,.220,41.0,88.4,95.5,-6.30,New Orleans Hornets,2005
New Jersey Nets*,49,33,.598,—,93.8,92.4,1.11,,2006
Philadelphia 76ers,38,44,.463,11.0,99.4,101.3,-2.10,,2006
Boston Celtics,33,49,.402,16.0,98.0,99.5,-1.59,,2006
Toronto Raptors,27,55,.329,22.0,101.1,104.0,-3.03,,2006
New York Knicks,23,59,.280,26.0,95.6,102.0,-6.30,,2006
Detroit Pistons*,64,18,.780,—,96.8,90.2,6.24,,2006
Cleveland Cavaliers*,50,32,.610,14.0,97.6,95.4,2.17,,2006
Indiana Pacers*,41,41,.500,23.0,93.9,92.0,1.62,,2006
Chicago Bulls*,41,41,.500,23.0,97.8,97.2,0.51,,2006
Milwaukee Bucks*,40,42,.488,24.0,97.8,98.8,-1.07,,2006
Miami Heat*,52,30,.634,—,99.9,96.0,3.59,,2006
Washington Wizards*,42,40,.512,10.0,101.7,99.8,1.57,,2006
Orlando Magic,36,46,.439,16.0,94.9,96.0,-1.26,,2006
Charlotte Bobcats,26,56,.317,26.0,96.9,100.9,-3.90,,2006
Atlanta Hawks,26,56,.317,26.0,97.2,102.0,-4.69,,2006
,44,38,.537,—,100.3,100.1,0.36,Denver Nuggets*,2006
,41,41,.500,3.0,92.4,95.0,-2.49,Utah Jazz,2006
,35,47,.427,9.0,102.6,105.6,-2.88,Seattle SuperSonics,2006
,33,49,.402,11.0,91.7,93.6,-1.75,Minnesota Timberwolves,2006
,21,61,.256,23.0,88.8,98.3,-8.91,Portland Trail Blazers,2006
,54,28,.659,—,108.4,102.8,5.48,Phoenix Suns*,2006
,47,35,.573,7.0,97.2,95.6,1.75,Los Angeles Clippers*,2006
,45,37,.549,9.0,99.4,96.9,2.53,Los Angeles Lakers*,2006
,44,38,.537,10.0,98.9,97.3,1.61,Sacramento Kings*,2006
,34,48,.415,20.0,98.5,99.8,-1.11,Golden State Warriors,2006
,63,19,.768,—,95.6,88.8,6.69,San Antonio Spurs*,2006
,60,22,.732,3.0,99.1,93.1,5.96,Dallas Mavericks*,2006
,49,33,.598,14.0,92.2,88.5,3.74,Memphis Grizzlies*,2006
,38,44,.463,25.0,92.8,95.6,-2.51,New Orleans/Oklahoma City Hornets,2006
,34,48,.415,29.0,90.1,91.7,-1.30,Houston Rockets,2006
Toronto Raptors*,47,35,.573,—,99.5,98.5,0.61,,2007
New Jersey Nets*,41,41,.500,6.0,97.6,98.3,-1.00,,2007
Philadelphia 76ers,35,47,.427,12.0,94.9,98.0,-3.26,,2007
New York Knicks,33,49,.402,14.0,97.5,100.3,-3.06,,2007
Boston Celtics,24,58,.293,23.0,95.8,99.2,-3.70,,2007
Detroit Pistons*,53,29,.646,—,96.0,91.8,3.69,,2007
Cleveland Cavaliers*,50,32,.610,3.0,96.8,92.9,3.33,,2007
Chicago Bulls*,49,33,.598,4.0,98.8,93.8,4.52,,2007
Indiana Pacers,35,47,.427,18.0,95.6,98.0,-2.62,,2007
Milwaukee Bucks,28,54,.341,25.0,99.7,104.0,-4.43,,2007
Miami Heat*,44,38,.537,—,94.6,95.5,-1.21,,2007
Washington Wizards*,41,41,.500,3.0,104.3,104.9,-0.80,,2007
Orlando Magic*,40,42,.488,4.0,94.8,94.0,0.35,,2007
Charlotte Bobcats,33,49,.402,11.0,96.9,100.6,-3.97,,2007
Atlanta Hawks,30,52,.366,14.0,93.7,98.4,-4.86,,2007
,51,31,.622,—,101.5,98.6,3.06,Utah Jazz*,2007
,45,37,.549,6.0,105.4,103.7,1.69,Denver Nuggets*,2007
,32,50,.390,19.0,94.1,98.4,-3.78,Portland Trail Blazers,2007
,32,50,.390,19.0,96.1,99.7,-3.16,Minnesota Timberwolves,2007
,31,51,.378,20.0,99.1,102.0,-2.45,Seattle SuperSonics,2007
,61,21,.744,—,110.2,102.9,7.28,Phoenix Suns*,2007
,42,40,.512,19.0,103.3,103.4,0.24,Los Angeles Lakers*,2007
,42,40,.512,19.0,106.5,106.9,0.00,Golden State Warriors*,2007
,40,42,.488,21.0,95.6,96.1,-0.07,Los Angeles Clippers,2007
,33,49,.402,28.0,101.3,103.1,-1.35,Sacramento Kings,2007
,67,15,.817,—,100.0,92.8,7.28,Dallas Mavericks*,2007
,58,24,.707,9.0,98.5,90.1,8.35,San Antonio Spurs*,2007
,52,30,.634,15.0,97.0,92.1,5.04,Houston Rockets*,2007
,39,43,.476,28.0,95.5,97.1,-1.19,New Orleans/Oklahoma City Hornets,2007
,22,60,.268,45.0,101.6,106.7,-4.44,Memphis Grizzlies,2007
Boston Celtics*,66,16,.805,—,100.5,90.3,9.30,,2008
Toronto Raptors*,41,41,.500,25.0,100.2,97.3,2.47,,2008
Philadelphia 76ers*,40,42,.488,26.0,96.6,96.2,0.19,,2008
New Jersey Nets,34,48,.415,32.0,95.8,100.9,-5.15,,2008
New York Knicks,23,59,.280,43.0,96.9,103.5,-6.55,,2008
Detroit Pistons*,59,23,.720,—,97.5,90.1,6.67,,2008
Cleveland Cavaliers*,45,37,.549,14.0,96.4,96.7,-0.53,,2008
Indiana Pacers,36,46,.439,23.0,104.0,105.4,-1.87,,2008
Chicago Bulls,33,49,.402,26.0,97.3,100.4,-3.19,,2008
Milwaukee Bucks,26,56,.317,33.0,97.0,103.9,-6.92,,2008
Orlando Magic*,52,30,.634,—,104.5,99.0,4.79,,2008
Washington Wizards*,43,39,.524,9.0,98.8,99.2,-0.61,,2008
Atlanta Hawks*,37,45,.451,15.0,98.2,100.0,-2.23,,2008
Charlotte Bobcats,32,50,.390,20.0,97.1,101.4,-4.49,,2008
Miami Heat,15,67,.183,37.0,91.4,100.0,-8.53,,2008
,54,28,.659,—,106.2,99.3,6.86,Utah Jazz*,2008
,50,32,.610,4.0,110.7,107.0,3.74,Denver Nuggets*,2008
,41,41,.500,13.0,95.4,96.3,-0.52,Portland Trail Blazers,2008
,22,60,.268,32.0,95.6,102.4,-6.26,Minnesota Timberwolves,2008
,20,62,.244,34.0,97.5,106.3,-8.04,Seattle SuperSonics,2008
,57,25,.695,—,108.6,101.3,7.34,Los Angeles Lakers*,2008
,55,27,.671,2.0,110.1,105.0,5.14,Phoenix Suns*,2008
,48,34,.585,9.0,111.0,108.8,2.38,Golden State Warriors,2008
,38,44,.463,19.0,102.5,104.8,-1.86,Sacramento Kings,2008
,23,59,.280,34.0,93.8,101.1,-6.56,Los Angeles Clippers,2008
,56,26,.683,—,100.9,95.6,5.46,New Orleans Hornets*,2008
,56,26,.683,—,95.4,90.6,5.10,San Antonio Spurs*,2008
,55,27,.671,1.0,96.7,92.0,4.83,Houston Rockets*,2008
,51,31,.622,5.0,100.4,95.9,4.70,Dallas Mavericks*,2008
,22,60,.268,34.0,100.7,106.9,-5.76,Memphis Grizzlies,2008
Boston Celtics*,62,20,.756,—,100.9,93.4,7.44,,2009
Philadelphia 76ers*,41,41,.500,21.0,97.4,97.3,0.16,,2009
New Jersey Nets,34,48,.415,28.0,98.1,100.5,-2.31,,2009
Toronto Raptors,33,49,.402,29.0,99.0,101.9,-2.54,,2009
New York Knicks,32,50,.390,30.0,105.2,107.8,-2.33,,2009
Cleveland Cavaliers*,66,16,.805,—,100.3,91.4,8.68,,2009
Chicago Bulls*,41,41,.500,25.0,102.2,102.5,-0.16,,2009
Detroit Pistons*,39,43,.476,27.0,94.2,94.7,-0.36,,2009
Indiana Pacers,36,46,.439,30.0,105.1,106.2,-0.76,,2009
Milwaukee Bucks,34,48,.415,32.0,99.3,100.4,-0.88,,2009
Orlando Magic*,59,23,.720,—,101.0,94.4,6.48,,2009
Atlanta Hawks*,47,35,.573,12.0,98.1,96.5,1.70,,2009
Miami Heat*,43,39,.524,16.0,98.3,98.0,0.49,,2009
Charlotte Bobcats,35,47,.427,24.0,93.6,94.9,-1.20,,2009
Washington Wizards,19,63,.232,40.0,96.1,103.5,-6.98,,2009
,54,28,.659,—,104.3,100.9,3.13,Denver Nuggets*,2009
,54,28,.659,—,99.4,94.1,5.00,Portland Trail Blazers*,2009
,48,34,.585,6.0,103.6,100.9,2.31,Utah Jazz*,2009
,24,58,.293,30.0,97.8,102.7,-4.74,Minnesota Timberwolves,2009
,23,59,.280,31.0,97.0,103.1,-6.04,Oklahoma City Thunder,2009
,65,17,.793,—,106.9,99.3,7.11,Los Angeles Lakers*,2009
,46,36,.561,19.0,109.4,107.5,1.62,Phoenix Suns,2009
,29,53,.354,36.0,108.6,112.3,-3.80,Golden State Warriors,2009
,19,63,.232,46.0,95.1,103.9,-8.47,Los Angeles Clippers,2009
,17,65,.207,48.0,100.6,109.3,-8.60,Sacramento Kings,2009
,54,28,.659,—,97.0,93.3,3.36,San Antonio Spurs*,2009
,53,29,.646,1.0,98.4,94.4,3.73,Houston Rockets*,2009
,50,32,.610,4.0,101.7,99.8,1.68,Dallas Mavericks*,2009
,49,33,.598,5.0,95.8,94.3,1.41,New Orleans Hornets*,2009
,24,58,.293,30.0,93.9,99.3,-5.23,Memphis Grizzlies,2009
Boston Celtics*,50,32,.610,—,99.2,95.6,3.37,,2010
Toronto Raptors,40,42,.488,10.0,104.1,105.9,-1.83,,2010
New York Knicks,29,53,.354,21.0,102.1,105.9,-4.01,,2010
Philadelphia 76ers,27,55,.329,23.0,97.7,101.6,-3.93,,2010
New Jersey Nets,12,70,.146,38.0,92.4,101.5,-8.93,,2010
Cleveland Cavaliers*,61,21,.744,—,102.1,95.6,6.17,,2010
Milwaukee Bucks*,46,36,.561,15.0,97.7,96.0,1.37,,2010
Chicago Bulls*,41,41,.500,20.0,97.5,99.1,-1.64,,2010
Indiana Pacers,32,50,.390,29.0,100.8,103.8,-3.11,,2010
Detroit Pistons,27,55,.329,34.0,94.0,99.1,-5.02,,2010
Orlando Magic*,59,23,.720,—,102.8,95.3,7.12,,2010
Atlanta Hawks*,53,29,.646,6.0,101.7,97.0,4.44,,2010
Miami Heat*,47,35,.573,12.0,96.5,94.2,1.99,,2010
Charlotte Bobcats*,44,38,.537,15.0,95.3,93.8,1.30,,2010
Washington Wizards,26,56,.317,33.0,96.2,101.0,-4.72,,2010
,53,29,.646,—,106.5,102.4,4.15,Denver Nuggets*,2010
,53,29,.646,—,104.2,98.9,5.33,Utah Jazz*,2010
,50,32,.610,3.0,98.1,94.8,3.18,Portland Trail Blazers*,2010
,50,32,.610,3.0,101.5,98.0,3.55,Oklahoma City Thunder*,2010
,15,67,.183,38.0,98.2,107.8,-9.06,Minnesota Timberwolves,2010
,57,25,.695,—,101.7,97.0,4.78,Los Angeles Lakers*,2010
,54,28,.659,3.0,110.2,105.3,4.67,Phoenix Suns*,2010
,29,53,.354,28.0,95.7,102.1,-6.01,Los Angeles Clippers,2010
,26,56,.317,31.0,108.8,112.4,-3.28,Golden State Warriors,2010
,25,57,.305,32.0,100.0,104.4,-4.06,Sacramento Kings,2010
,55,27,.671,—,102.0,99.3,2.66,Dallas Mavericks*,2010
,50,32,.610,5.0,101.4,96.3,5.07,San Antonio Spurs*,2010
,42,40,.512,13.0,102.4,102.7,-0.02,Houston Rockets,2010
,40,42,.488,15.0,102.5,104.0,-1.39,Memphis Grizzlies,2010
,37,45,.451,18.0,100.2,102.7,-2.27,New Orleans Hornets,2010
Boston Celtics*,56,26,.683,—,96.5,91.1,4.83,,2011
New York Knicks*,42,40,.512,14.0,106.5,105.7,0.48,,2011
Philadelphia 76ers*,41,41,.500,15.0,99.0,97.5,1.01,,2011
New Jersey Nets,24,58,.293,32.0,94.2,100.4,-6.28,,2011
Toronto Raptors,22,60,.268,34.0,99.1,105.4,-6.28,,2011
Chicago Bulls*,62,20,.756,—,98.6,91.3,6.53,,2011
Indiana Pacers*,37,45,.451,25.0,99.8,100.9,-1.38,,2011
Milwaukee Bucks,35,47,.427,27.0,91.9,92.7,-1.02,,2011
Detroit Pistons,30,52,.366,32.0,97.0,100.6,-3.78,,2011
Cleveland Cavaliers,19,63,.232,43.0,95.5,104.5,-8.88,,2011
Miami Heat*,58,24,.707,—,102.1,94.6,6.76,,2011
Orlando Magic*,52,30,.634,6.0,99.2,93.7,4.92,,2011
Atlanta Hawks*,44,38,.537,14.0,95.0,95.8,-1.10,,2011
Charlotte Bobcats,34,48,.415,24.0,93.3,97.3,-4.08,,2011
Washington Wizards,23,59,.280,35.0,97.3,104.7,-7.30,,2011
,55,27,.671,—,104.8,101.0,3.81,Oklahoma City Thunder*,2011
,50,32,.610,5.0,107.5,102.7,4.81,Denver Nuggets*,2011
,48,34,.585,7.0,96.3,94.8,1.85,Portland Trail Blazers*,2011
,39,43,.476,16.0,99.4,101.3,-1.44,Utah Jazz,2011
,17,65,.207,38.0,101.1,107.7,-5.97,Minnesota Timberwolves,2011
,57,25,.695,—,101.5,95.4,6.01,Los Angeles Lakers*,2011
,40,42,.488,17.0,105.0,105.9,-0.46,Phoenix Suns,2011
,36,46,.439,21.0,103.4,105.7,-2.00,Golden State Warriors,2011
,32,50,.390,25.0,98.6,101.8,-2.71,Los Angeles Clippers,2011
,24,58,.293,33.0,99.4,104.7,-4.80,Sacramento Kings,2011
,61,21,.744,—,103.7,98.0,5.86,San Antonio Spurs*,2011
,57,25,.695,4.0,100.2,96.0,4.41,Dallas Mavericks*,2011
,46,36,.561,15.0,94.9,94.0,1.28,New Orleans Hornets*,2011
,46,36,.561,15.0,99.9,97.6,2.55,Memphis Grizzlies*,2011
,43,39,.524,18.0,105.9,103.7,2.37,Houston Rockets,2011
Boston Celtics*,39,27,.591,—,91.8,89.3,2.26,,2012
New York Knicks*,36,30,.545,3.0,97.8,94.7,2.39,,2012
Philadelphia 76ers*,35,31,.530,4.0,93.6,89.4,3.59,,2012
Toronto Raptors,23,43,.348,16.0,90.7,94.0,-3.67,,2012
New Jersey Nets,22,44,.333,17.0,93.1,99.1,-6.37,,2012
Chicago Bulls*,50,16,.758,—,96.3,88.2,7.43,,2012
Indiana Pacers*,42,24,.636,8.0,97.7,94.4,2.60,,2012
Milwaukee Bucks,31,35,.470,19.0,99.0,98.7,-0.23,,2012
Detroit Pistons,25,41,.379,25.0,90.9,95.7,-5.19,,2012
Cleveland Cavaliers,21,45,.318,29.0,93.0,100.2,-7.34,,2012
Miami Heat*,46,20,.697,—,98.5,92.5,5.72,,2012
Atlanta Hawks*,40,26,.606,6.0,96.6,93.2,2.67,,2012
Orlando Magic*,37,29,.561,9.0,94.2,93.4,0.46,,2012
Washington Wizards,20,46,.303,26.0,93.6,98.4,-5.14,,2012
Charlotte Bobcats,7,59,.106,39.0,87.0,100.9,-13.96,,2012
,47,19,.712,—,103.1,96.9,6.44,Oklahoma City Thunder*,2012
,38,28,.576,9.0,104.1,101.2,3.16,Denver Nuggets*,2012
,36,30,.545,11.0,99.7,99.0,0.92,Utah Jazz*,2012
,28,38,.424,19.0,97.2,97.8,-0.22,Portland Trail Blazers,2012
,26,40,.394,21.0,97.9,100.1,-1.83,Minnesota Timberwolves,2012
,41,25,.621,—,97.3,95.9,1.96,Los Angeles Lakers*,2012
,40,26,.606,1.0,97.5,95.0,2.82,Los Angeles Clippers*,2012
,33,33,.500,8.0,98.4,98.6,0.29,Phoenix Suns,2012
,23,43,.348,18.0,97.8,101.2,-2.79,Golden State Warriors,2012
,22,44,.333,19.0,98.8,104.4,-4.95,Sacramento Kings,2012
,50,16,.758,—,103.7,96.5,7.28,San Antonio Spurs*,2012
,41,25,.621,9.0,95.0,93.0,2.43,Memphis Grizzlies*,2012
,36,30,.545,14.0,95.8,94.8,1.78,Dallas Mavericks*,2012
,34,32,.515,16.0,98.1,97.9,0.57,Houston Rockets,2012
,21,45,.318,29.0,89.6,93.4,-3.11,New Orleans Hornets,2012
New York Knicks*,54,28,.659,—,100.0,95.7,3.73,,2013
Brooklyn Nets*,49,33,.598,5.0,96.9,95.1,1.25,,2013
Boston Celtics*,41,40,.506,12.5,96.5,96.7,-0.62,,2013
Philadelphia 76ers,34,48,.415,20.0,93.2,96.5,-3.51,,2013
Toronto Raptors,34,48,.415,20.0,97.2,98.7,-1.96,,2013
Indiana Pacers*,49,32,.605,—,94.7,90.7,3.34,,2013
Chicago Bulls*,45,37,.549,4.5,93.2,92.9,-0.02,,2013
Milwaukee Bucks*,38,44,.463,11.5,98.9,100.4,-1.83,,2013
Detroit Pistons,29,53,.354,20.5,94.9,98.8,-4.33,,2013
Cleveland Cavaliers,24,58,.293,25.5,96.5,101.2,-4.87,,2013
Miami Heat*,66,16,.805,—,102.9,95.0,7.03,,2013
Atlanta Hawks*,44,38,.537,22.0,98.0,97.5,-0.08,,2013
Washington Wizards,29,53,.354,37.0,93.2,95.8,-2.78,,2013
Charlotte Bobcats,21,61,.256,45.0,93.4,102.7,-9.29,,2013
Orlando Magic,20,62,.244,46.0,94.1,101.1,-7.12,,2013
,60,22,.732,—,105.7,96.5,9.15,Oklahoma City Thunder*,2013
,57,25,.695,3.0,106.1,101.1,5.37,Denver Nuggets*,2013
,43,39,.524,17.0,98.0,98.1,0.30,Utah Jazz,2013
,33,49,.402,27.0,97.5,100.7,-2.53,Portland Trail Blazers,2013
,31,51,.378,29.0,95.7,98.1,-1.83,Minnesota Timberwolves,2013
,56,26,.683,—,101.1,94.6,6.43,Los Angeles Clippers*,2013
,47,35,.573,9.0,101.2,100.3,1.32,Golden State Warriors*,2013
,45,37,.549,11.0,102.2,101.0,1.48,Los Angeles Lakers*,2013
,28,54,.341,28.0,100.2,105.1,-4.26,Sacramento Kings,2013
,25,57,.305,31.0,95.2,101.6,-5.75,Phoenix Suns,2013
,58,24,.707,—,103.0,96.6,6.67,San Antonio Spurs*,2013
,56,26,.683,2.0,93.4,89.3,4.32,Memphis Grizzlies*,2013
,45,37,.549,13.0,106.0,102.5,3.69,Houston Rockets*,2013
,41,41,.500,17.0,101.1,101.7,-0.24,Dallas Mavericks,2013
,27,55,.329,31.0,94.1,97.9,-3.12,New Orleans Hornets,2013
Toronto Raptors*,48,34,.585,—,101.3,98.0,2.55,,2014
Brooklyn Nets*,44,38,.537,4.0,98.5,99.5,-1.58,,2014
New York Knicks,37,45,.451,11.0,98.6,99.4,-1.40,,2014
Boston Celtics,25,57,.305,23.0,96.2,100.7,-4.97,,2014
Philadelphia 76ers,19,63,.232,29.0,99.5,109.9,-10.66,,2014
Indiana Pacers*,56,26,.683,—,96.7,92.3,3.63,,2014
Chicago Bulls*,48,34,.585,8.0,93.7,91.8,1.20,,2014
Cleveland Cavaliers,33,49,.402,23.0,98.2,101.5,-3.86,,2014
Detroit Pistons,29,53,.354,27.0,101.0,104.7,-4.13,,2014
Milwaukee Bucks,15,67,.183,41.0,95.5,103.7,-8.41,,2014
Miami Heat*,54,28,.659,—,102.2,97.4,4.15,,2014
Washington Wizards*,44,38,.537,10.0,100.7,99.4,0.48,,2014
Charlotte Bobcats*,43,39,.524,11.0,96.9,97.1,-0.89,,2014
Atlanta Hawks*,38,44,.463,16.0,101.0,101.5,-0.88,,2014
Orlando Magic,23,59,.280,31.0,96.5,102.0,-5.88,,2014
,59,23,.720,—,106.2,99.8,6.66,Oklahoma City Thunder*,2014
,54,28,.659,5.0,106.7,102.8,4.44,Portland Trail Blazers*,2014
,40,42,.488,19.0,106.9,104.3,3.10,Minnesota Timberwolves,2014
,36,46,.439,23.0,104.4,106.5,-1.40,Denver Nuggets,2014
,25,57,.305,34.0,95.0,102.2,-6.27,Utah Jazz,2014
,57,25,.695,—,107.9,101.0,7.27,Los Angeles Clippers*,2014
,51,31,.622,6.0,104.3,99.5,5.15,Golden State Warriors*,2014
,48,34,.585,9.0,105.2,102.6,3.02,Phoenix Suns,2014
,28,54,.341,29.0,100.5,103.4,-2.08,Sacramento Kings,2014
,27,55,.329,30.0,103.0,109.2,-5.33,Los Angeles Lakers,2014
,62,20,.756,—,105.4,97.6,8.00,San Antonio Spurs*,2014
,54,28,.659,8.0,107.7,103.1,5.06,Houston Rockets*,2014
,50,32,.610,12.0,96.1,94.6,2.18,Memphis Grizzlies*,2014
,49,33,.598,13.0,104.8,102.4,2.91,Dallas Mavericks*,2014
,34,48,.415,28.0,99.7,102.4,-1.98,New Orleans Pelicans,2014
Toronto Raptors*,49,33,.598,—,104.0,100.9,2.45,,2015
Boston Celtics*,40,42,.488,9.0,101.4,101.2,-0.40,,2015
Brooklyn Nets*,38,44,.463,11.0,98.0,100.9,-3.13,,2015
Philadelphia 76ers,18,64,.220,31.0,92.0,101.0,-9.04,,2015
New York Knicks,17,65,.207,32.0,91.9,101.2,-9.50,,2015
Cleveland Cavaliers*,53,29,.646,—,103.1,98.7,4.08,,2015
Chicago Bulls*,50,32,.610,3.0,100.8,97.8,2.54,,2015
Milwaukee Bucks*,41,41,.500,12.0,97.8,97.4,-0.09,,2015
Indiana Pacers,38,44,.463,15.0,97.3,97.0,-0.23,,2015
Detroit Pistons,32,50,.390,21.0,98.5,99.5,-1.39,,2015
Atlanta Hawks*,60,22,.732,—,102.5,97.1,4.75,,2015
Washington Wizards*,46,36,.561,14.0,98.5,97.8,0.17,,2015
Miami Heat,37,45,.451,23.0,94.7,97.3,-2.92,,2015
Charlotte Hornets,33,49,.402,27.0,94.2,97.3,-3.44,,2015
Orlando Magic,25,57,.305,35.0,95.7,101.4,-5.87,,2015
,51,31,.622,—,102.8,98.6,4.41,Portland Trail Blazers*,2015
,45,37,.549,6.0,104.0,101.8,2.47,Oklahoma City Thunder,2015
,38,44,.463,13.0,95.1,94.9,0.71,Utah Jazz,2015
,30,52,.366,21.0,101.5,105.0,-3.07,Denver Nuggets,2015
,16,66,.195,35.0,97.8,106.5,-8.00,Minnesota Timberwolves,2015
,67,15,.817,—,110.0,99.9,10.01,Golden State Warriors*,2015
,56,26,.683,11.0,106.7,100.1,6.80,Los Angeles Clippers*,2015
,39,43,.476,28.0,102.4,103.3,-0.38,Phoenix Suns,2015
,29,53,.354,38.0,101.3,105.0,-3.07,Sacramento Kings,2015
,21,61,.256,46.0,98.5,105.3,-6.17,Los Angeles Lakers,2015
,56,26,.683,—,103.9,100.5,3.82,Houston Rockets*,2015
,55,27,.671,1.0,98.3,95.1,3.62,Memphis Grizzlies*,2015
,55,27,.671,1.0,103.2,97.0,6.34,San Antonio Spurs*,2015
,50,32,.610,6.0,105.2,102.3,3.36,Dallas Mavericks*,2015
,45,37,.549,11.0,99.4,98.6,1.13,New Orleans Pelicans*,2015
Toronto Raptors*,56,26,.683,—,102.7,98.2,4.08,,2016
Boston Celtics*,48,34,.585,8.0,105.7,102.5,2.84,,2016
New York Knicks,32,50,.390,24.0,98.4,101.1,-2.74,,2016
Brooklyn Nets,21,61,.256,35.0,98.6,106.0,-7.12,,2016
Philadelphia 76ers,10,72,.122,46.0,97.4,107.6,-9.92,,2016
Cleveland Cavaliers*,57,25,.695,—,104.3,98.3,5.45,,2016
Indiana Pacers*,45,37,.549,12.0,102.2,100.5,1.62,,2016
Detroit Pistons*,44,38,.537,13.0,102.0,101.4,0.43,,2016
Chicago Bulls,42,40,.512,15.0,101.6,103.1,-1.46,,2016
Milwaukee Bucks,33,49,.402,24.0,99.0,103.2,-3.98,,2016
Miami Heat*,48,34,.585,—,100.0,98.4,1.50,,2016
Atlanta Hawks*,48,34,.585,—,102.8,99.2,3.49,,2016
Charlotte Hornets*,48,34,.585,—,103.4,100.7,2.36,,2016
Washington Wizards,41,41,.500,7.0,104.1,104.6,-0.50,,2016
Orlando Magic,35,47,.427,13.0,102.1,103.7,-1.68,,2016
,55,27,.671,—,110.2,102.9,7.09,Oklahoma City Thunder*,2016
,44,38,.537,11.0,105.1,104.3,0.98,Portland Trail Blazers*,2016
,40,42,.488,15.0,97.7,95.9,1.84,Utah Jazz,2016
,33,49,.402,22.0,101.9,105.0,-2.81,Denver Nuggets,2016
,29,53,.354,26.0,102.4,106.0,-3.38,Minnesota Timberwolves,2016
,73,9,.890,—,114.9,104.1,10.38,Golden State Warriors*,2016
,53,29,.646,20.0,104.5,100.2,4.13,Los Angeles Clippers*,2016
,33,49,.402,40.0,106.6,109.1,-2.32,Sacramento Kings,2016
,23,59,.280,50.0,100.9,107.5,-6.32,Phoenix Suns,2016
,17,65,.207,56.0,97.3,106.9,-8.92,Los Angeles Lakers,2016
,67,15,.817,—,103.5,92.9,10.28,San Antonio Spurs*,2016
,42,40,.512,25.0,102.3,102.6,-0.02,Dallas Mavericks*,2016
,42,40,.512,25.0,99.1,101.3,-2.14,Memphis Grizzlies*,2016
,41,41,.500,26.0,106.5,106.4,0.34,Houston Rockets*,2016
,30,52,.366,37.0,102.7,106.5,-3.56,New Orleans Pelicans,2016
Cleveland Cavaliers*,57,25,.695,—,104.3,98.3,5.45,,2016
Toronto Raptors*,56,26,.683,1.0,102.7,98.2,4.08,,2016
Miami Heat*,48,34,.585,9.0,100.0,98.4,1.50,,2016
Atlanta Hawks*,48,34,.585,9.0,102.8,99.2,3.49,,2016
Boston Celtics*,48,34,.585,9.0,105.7,102.5,2.84,,2016
Charlotte Hornets*,48,34,.585,9.0,103.4,100.7,2.36,,2016
Indiana Pacers*,45,37,.549,12.0,102.2,100.5,1.62,,2016
Detroit Pistons*,44,38,.537,13.0,102.0,101.4,0.43,,2016
Chicago Bulls,42,40,.512,15.0,101.6,103.1,-1.46,,2016
Washington Wizards,41,41,.500,16.0,104.1,104.6,-0.50,,2016
Orlando Magic,35,47,.427,22.0,102.1,103.7,-1.68,,2016
Milwaukee Bucks,33,49,.402,24.0,99.0,103.2,-3.98,,2016
New York Knicks,32,50,.390,25.0,98.4,101.1,-2.74,,2016
Brooklyn Nets,21,61,.256,36.0,98.6,106.0,-7.12,,2016
Philadelphia 76ers,10,72,.122,47.0,97.4,107.6,-9.92,,2016
,73,9,.890,—,114.9,104.1,10.38,Golden State Warriors*,2016
,67,15,.817,6.0,103.5,92.9,10.28,San Antonio Spurs*,2016
,55,27,.671,18.0,110.2,102.9,7.09,Oklahoma City Thunder*,2016
,53,29,.646,20.0,104.5,100.2,4.13,Los Angeles Clippers*,2016
,44,38,.537,29.0,105.1,104.3,0.98,Portland Trail Blazers*,2016
,42,40,.512,31.0,102.3,102.6,-0.02,Dallas Mavericks*,2016
,42,40,.512,31.0,99.1,101.3,-2.14,Memphis Grizzlies*,2016
,41,41,.500,32.0,106.5,106.4,0.34,Houston Rockets*,2016
,40,42,.488,33.0,97.7,95.9,1.84,Utah Jazz,2016
,33,49,.402,40.0,106.6,109.1,-2.32,Sacramento Kings,2016
,33,49,.402,40.0,101.9,105.0,-2.81,Denver Nuggets,2016
,30,52,.366,43.0,102.7,106.5,-3.56,New Orleans Pelicans,2016
,29,53,.354,44.0,102.4,106.0,-3.38,Minnesota Timberwolves,2016
,23,59,.280,50.0,100.9,107.5,-6.32,Phoenix Suns,2016
,17,65,.207,56.0,97.3,106.9,-8.92,Los Angeles Lakers,2016
Boston Celtics*,53,29,.646,—,108.0,105.4,2.25,,2017
Toronto Raptors*,51,31,.622,2.0,106.9,102.6,3.65,,2017
New York Knicks,31,51,.378,22.0,104.3,108.0,-3.87,,2017
Philadelphia 76ers,28,54,.341,25.0,102.4,108.1,-5.83,,2017
Brooklyn Nets,20,62,.244,33.0,105.8,112.5,-6.74,,2017
Cleveland Cavaliers*,51,31,.622,—,110.3,107.2,2.87,,2017
Milwaukee Bucks*,42,40,.512,9.0,103.6,103.8,-0.45,,2017
Indiana Pacers*,42,40,.512,9.0,105.1,105.3,-0.64,,2017
Chicago Bulls*,41,41,.500,10.0,102.9,102.4,0.03,,2017
Detroit Pistons,37,45,.451,14.0,101.3,102.5,-1.29,,2017
Washington Wizards*,49,33,.598,—,109.2,107.4,1.36,,2017
Atlanta Hawks*,43,39,.524,6.0,103.2,104.0,-1.23,,2017
Miami Heat,41,41,.500,8.0,103.2,102.1,0.77,,2017
Charlotte Hornets,36,46,.439,13.0,104.9,104.7,-0.07,,2017
Orlando Magic,29,53,.354,20.0,101.1,107.6,-6.61,,2017
,51,31,.622,—,100.7,96.8,4.00,Utah Jazz*,2017
,47,35,.573,4.0,106.6,105.8,1.14,Oklahoma City Thunder*,2017
,41,41,.500,10.0,107.9,108.5,-0.23,Portland Trail Blazers*,2017
,40,42,.488,11.0,111.7,111.2,0.70,Denver Nuggets,2017
,31,51,.378,20.0,105.6,106.7,-0.64,Minnesota Timberwolves,2017
,67,15,.817,—,115.9,104.3,11.35,Golden State Warriors*,2017
,51,31,.622,16.0,108.7,104.4,4.42,Los Angeles Clippers*,2017
,32,50,.390,35.0,102.8,106.7,-3.29,Sacramento Kings,2017
,26,56,.317,41.0,104.6,111.5,-6.29,Los Angeles Lakers,2017
,24,58,.293,43.0,107.7,113.3,-5.14,Phoenix Suns,2017
,61,21,.744,—,105.3,98.1,7.13,San Antonio Spurs*,2017
,55,27,.671,6.0,115.3,109.6,5.84,Houston Rockets*,2017
,43,39,.524,18.0,100.5,100.0,0.96,Memphis Grizzlies*,2017
,34,48,.415,27.0,104.3,106.4,-1.69,New Orleans Pelicans,2017
,33,49,.402,28.0,97.9,100.8,-2.53,Dallas Mavericks,2017
Boston Celtics*,53,29,.646,—,108.0,105.4,2.25,,2017
Cleveland Cavaliers*,51,31,.622,2.0,110.3,107.2,2.87,,2017
Toronto Raptors*,51,31,.622,2.0,106.9,102.6,3.65,,2017
Washington Wizards*,49,33,.598,4.0,109.2,107.4,1.36,,2017
Atlanta Hawks*,43,39,.524,10.0,103.2,104.0,-1.23,,2017
Milwaukee Bucks*,42,40,.512,11.0,103.6,103.8,-0.45,,2017
Indiana Pacers*,42,40,.512,11.0,105.1,105.3,-0.64,,2017
Chicago Bulls*,41,41,.500,12.0,102.9,102.4,0.03,,2017
Miami Heat,41,41,.500,12.0,103.2,102.1,0.77,,2017
Detroit Pistons,37,45,.451,16.0,101.3,102.5,-1.29,,2017
Charlotte Hornets,36,46,.439,17.0,104.9,104.7,-0.07,,2017
New York Knicks,31,51,.378,22.0,104.3,108.0,-3.87,,2017
Orlando Magic,29,53,.354,24.0,101.1,107.6,-6.61,,2017
Philadelphia 76ers,28,54,.341,25.0,102.4,108.1,-5.83,,2017
Brooklyn Nets,20,62,.244,33.0,105.8,112.5,-6.74,,2017
,67,15,.817,—,115.9,104.3,11.35,Golden State Warriors*,2017
,61,21,.744,6.0,105.3,98.1,7.13,San Antonio Spurs*,2017
,55,27,.671,12.0,115.3,109.6,5.84,Houston Rockets*,2017
,51,31,.622,16.0,108.7,104.4,4.42,Los Angeles Clippers*,2017
,51,31,.622,16.0,100.7,96.8,4.00,Utah Jazz*,2017
,47,35,.573,20.0,106.6,105.8,1.14,Oklahoma City Thunder*,2017
,43,39,.524,24.0,100.5,100.0,0.96,Memphis Grizzlies*,2017
,41,41,.500,26.0,107.9,108.5,-0.23,Portland Trail Blazers*,2017
,40,42,.488,27.0,111.7,111.2,0.70,Denver Nuggets,2017
,34,48,.415,33.0,104.3,106.4,-1.69,New Orleans Pelicans,2017
,33,49,.402,34.0,97.9,100.8,-2.53,Dallas Mavericks,2017
,32,50,.390,35.0,102.8,106.7,-3.29,Sacramento Kings,2017
,31,51,.378,36.0,105.6,106.7,-0.64,Minnesota Timberwolves,2017
,26,56,.317,41.0,104.6,111.5,-6.29,Los Angeles Lakers,2017
,24,58,.293,43.0,107.7,113.3,-5.14,Phoenix Suns,2017
Toronto Raptors*,59,23,.720,—,111.7,103.9,7.29,,2018
Boston Celtics*,55,27,.671,4.0,104.0,100.4,3.23,,2018
Philadelphia 76ers*,52,30,.634,7.0,109.8,105.3,4.30,,2018
New York Knicks,29,53,.354,30.0,104.5,108.0,-3.53,,2018
Brooklyn Nets,28,54,.341,31.0,106.6,110.3,-3.67,,2018
Cleveland Cavaliers*,50,32,.610,—,110.9,109.9,0.59,,2018
Indiana Pacers*,48,34,.585,2.0,105.6,104.2,1.18,,2018
Milwaukee Bucks*,44,38,.537,6.0,106.5,106.8,-0.45,,2018
Detroit Pistons,39,43,.476,11.0,103.8,103.9,-0.26,,2018
Chicago Bulls,27,55,.329,23.0,102.9,110.0,-6.84,,2018
Miami Heat*,44,38,.537,—,103.4,102.9,0.15,,2018
Washington Wizards*,43,39,.524,1.0,106.6,106.0,0.53,,2018
Charlotte Hornets,36,46,.439,8.0,108.2,108.0,0.07,,2018
Orlando Magic,25,57,.305,19.0,103.4,108.2,-4.92,,2018
Atlanta Hawks,24,58,.293,20.0,103.4,108.8,-5.30,,2018
,49,33,.598,—,105.6,103.0,2.60,Portland Trail Blazers*,2018
,48,34,.585,1.0,107.9,104.4,3.42,Oklahoma City Thunder*,2018
,48,34,.585,1.0,104.1,99.8,4.47,Utah Jazz*,2018
,47,35,.573,2.0,109.5,107.3,2.35,Minnesota Timberwolves*,2018
,46,36,.561,3.0,110.0,108.5,1.57,Denver Nuggets,2018
,58,24,.707,—,113.5,107.5,5.79,Golden State Warriors*,2018
,42,40,.512,16.0,109.0,109.0,0.15,Los Angeles Clippers,2018
,35,47,.427,23.0,108.1,109.6,-1.44,Los Angeles Lakers,2018
,27,55,.329,31.0,98.8,105.8,-6.60,Sacramento Kings,2018
,21,61,.256,37.0,103.9,113.3,-8.80,Phoenix Suns,2018
,65,17,.793,—,112.4,103.9,8.21,Houston Rockets*,2018
,48,34,.585,17.0,111.7,110.4,1.48,New Orleans Pelicans*,2018
,47,35,.573,18.0,102.7,99.8,2.89,San Antonio Spurs*,2018
,24,58,.293,41.0,102.3,105.4,-2.70,Dallas Mavericks,2018
,22,60,.268,43.0,99.3,105.5,-5.81,Memphis Grizzlies,2018
Toronto Raptors*,59,23,.720,—,111.7,103.9,7.29,,2018
Boston Celtics*,55,27,.671,4.0,104.0,100.4,3.23,,2018
Philadelphia 76ers*,52,30,.634,7.0,109.8,105.3,4.30,,2018
Cleveland Cavaliers*,50,32,.610,9.0,110.9,109.9,0.59,,2018
Indiana Pacers*,48,34,.585,11.0,105.6,104.2,1.18,,2018
Miami Heat*,44,38,.537,15.0,103.4,102.9,0.15,,2018
Milwaukee Bucks*,44,38,.537,15.0,106.5,106.8,-0.45,,2018
Washington Wizards*,43,39,.524,16.0,106.6,106.0,0.53,,2018
Detroit Pistons,39,43,.476,20.0,103.8,103.9,-0.26,,2018
Charlotte Hornets,36,46,.439,23.0,108.2,108.0,0.07,,2018
New York Knicks,29,53,.354,30.0,104.5,108.0,-3.53,,2018
Brooklyn Nets,28,54,.341,31.0,106.6,110.3,-3.67,,2018
Chicago Bulls,27,55,.329,32.0,102.9,110.0,-6.84,,2018
Orlando Magic,25,57,.305,34.0,103.4,108.2,-4.92,,2018
Atlanta Hawks,24,58,.293,35.0,103.4,108.8,-5.30,,2018
,65,17,.793,—,112.4,103.9,8.21,Houston Rockets*,2018
,58,24,.707,7.0,113.5,107.5,5.79,Golden State Warriors*,2018
,49,33,.598,16.0,105.6,103.0,2.60,Portland Trail Blazers*,2018
,48,34,.585,17.0,107.9,104.4,3.42,Oklahoma City Thunder*,2018
,48,34,.585,17.0,104.1,99.8,4.47,Utah Jazz*,2018
,48,34,.585,17.0,111.7,110.4,1.48,New Orleans Pelicans*,2018
,47,35,.573,18.0,102.7,99.8,2.89,San Antonio Spurs*,2018
,47,35,.573,18.0,109.5,107.3,2.35,Minnesota Timberwolves*,2018
,46,36,.561,19.0,110.0,108.5,1.57,Denver Nuggets,2018
,42,40,.512,23.0,109.0,109.0,0.15,Los Angeles Clippers,2018
,35,47,.427,30.0,108.1,109.6,-1.44,Los Angeles Lakers,2018
,27,55,.329,38.0,98.8,105.8,-6.60,Sacramento Kings,2018
,24,58,.293,41.0,102.3,105.4,-2.70,Dallas Mavericks,2018
,22,60,.268,43.0,99.3,105.5,-5.81,Memphis Grizzlies,2018
,21,61,.256,44.0,103.9,113.3,-8.80,Phoenix Suns,2018
Toronto Raptors*,58,24,.707,—,114.4,108.4,5.49,,2019
Philadelphia 76ers*,51,31,.622,7.0,115.2,112.5,2.25,,2019
Boston Celtics*,49,33,.598,9.0,112.4,108.0,3.90,,2019
Brooklyn Nets*,42,40,.512,16.0,112.2,112.3,-0.40,,2019
New York Knicks,17,65,.207,41.0,104.6,113.8,-8.93,,2019
Milwaukee Bucks*,60,22,.732,—,118.1,109.3,8.04,,2019
Indiana Pacers*,48,34,.585,12.0,108.0,104.7,2.76,,2019
Detroit Pistons*,41,41,.500,19.0,107.0,107.3,-0.56,,2019
Chicago Bulls,22,60,.268,38.0,104.9,113.4,-8.32,,2019
Cleveland Cavaliers,19,63,.232,41.0,104.5,114.1,-9.39,,2019
Orlando Magic*,42,40,.512,—,107.3,106.6,0.28,,2019
Charlotte Hornets,39,43,.476,3.0,110.7,111.8,-1.32,,2019
Miami Heat,39,43,.476,3.0,105.7,105.9,-0.45,,2019
Washington Wizards,32,50,.390,10.0,114.0,116.9,-3.30,,2019
Atlanta Hawks,29,53,.354,13.0,113.3,119.4,-6.06,,2019
,54,28,.659,—,110.7,106.7,4.19,Denver Nuggets*,2019
,53,29,.646,1.0,114.7,110.5,4.43,Portland Trail Blazers*,2019
,50,32,.610,4.0,111.7,106.5,5.28,Utah Jazz*,2019
,49,33,.598,5.0,114.5,111.1,3.56,Oklahoma City Thunder*,2019
,36,46,.439,18.0,112.5,114.0,-1.02,Minnesota Timberwolves,2019
,57,25,.695,—,117.7,111.2,6.42,Golden State Warriors*,2019
,48,34,.585,9.0,115.1,114.3,1.09,Los Angeles Clippers*,2019
,39,43,.476,18.0,114.2,115.3,-0.81,Sacramento Kings,2019
,37,45,.451,20.0,111.8,113.5,-1.33,Los Angeles Lakers,2019
,19,63,.232,38.0,107.5,116.8,-8.61,Phoenix Suns,2019
,53,29,.646,—,113.9,109.1,4.96,Houston Rockets*,2019
,48,34,.585,5.0,111.7,110.0,1.80,San Antonio Spurs*,2019
,33,49,.402,20.0,103.5,106.1,-2.08,Memphis Grizzlies,2019
,33,49,.402,20.0,115.4,116.8,-1.10,New Orleans Pelicans,2019
,33,49,.402,20.0,108.9,110.1,-0.87,Dallas Mavericks,2019
Milwaukee Bucks*,60,22,.732,—,118.1,109.3,8.04,,2019
Toronto Raptors*,58,24,.707,2.0,114.4,108.4,5.49,,2019
Philadelphia 76ers*,51,31,.622,9.0,115.2,112.5,2.25,,2019
Boston Celtics*,49,33,.598,11.0,112.4,108.0,3.90,,2019
Indiana Pacers*,48,34,.585,12.0,108.0,104.7,2.76,,2019
Brooklyn Nets*,42,40,.512,18.0,112.2,112.3,-0.40,,2019
Orlando Magic*,42,40,.512,18.0,107.3,106.6,0.28,,2019
Detroit Pistons*,41,41,.500,19.0,107.0,107.3,-0.56,,2019
Charlotte Hornets,39,43,.476,21.0,110.7,111.8,-1.32,,2019
Miami Heat,39,43,.476,21.0,105.7,105.9,-0.45,,2019
Washington Wizards,32,50,.390,28.0,114.0,116.9,-3.30,,2019
Atlanta Hawks,29,53,.354,31.0,113.3,119.4,-6.06,,2019
Chicago Bulls,22,60,.268,38.0,104.9,113.4,-8.32,,2019
Cleveland Cavaliers,19,63,.232,41.0,104.5,114.1,-9.39,,2019
New York Knicks,17,65,.207,43.0,104.6,113.8,-8.93,,2019
,57,25,.695,—,117.7,111.2,6.42,Golden State Warriors*,2019
,54,28,.659,3.0,110.7,106.7,4.19,Denver Nuggets*,2019
,53,29,.646,4.0,114.7,110.5,4.43,Portland Trail Blazers*,2019
,53,29,.646,4.0,113.9,109.1,4.96,Houston Rockets*,2019
,50,32,.610,7.0,111.7,106.5,5.28,Utah Jazz*,2019
,49,33,.598,8.0,114.5,111.1,3.56,Oklahoma City Thunder*,2019
,48,34,.585,9.0,111.7,110.0,1.80,San Antonio Spurs*,2019
,48,34,.585,9.0,115.1,114.3,1.09,Los Angeles Clippers*,2019
,39,43,.476,18.0,114.2,115.3,-0.81,Sacramento Kings,2019
,37,45,.451,20.0,111.8,113.5,-1.33,Los Angeles Lakers,2019
,36,46,.439,21.0,112.5,114.0,-1.02,Minnesota Timberwolves,2019
,33,49,.402,24.0,103.5,106.1,-2.08,Memphis Grizzlies,2019
,33,49,.402,24.0,115.4,116.8,-1.10,New Orleans Pelicans,2019
,33,49,.402,24.0,108.9,110.1,-0.87,Dallas Mavericks,2019
,19,63,.232,38.0,107.5,116.8,-8.61,Phoenix Suns,2019
Toronto Raptors*,53,19,.736,—,112.8,106.5,5.97,,2020
Boston Celtics*,48,24,.667,5.0,113.7,107.3,5.83,,2020
Philadelphia 76ers*,43,30,.589,10.5,110.7,108.4,2.25,,2020
Brooklyn Nets*,35,37,.486,18.0,111.8,112.3,-1.01,,2020
New York Knicks,21,45,.318,29.0,105.8,112.3,-6.72,,2020
Milwaukee Bucks*,56,17,.767,—,118.7,108.6,9.41,,2020
Indiana Pacers*,45,28,.616,11.0,109.4,107.5,1.63,,2020
Chicago Bulls,22,43,.338,30.0,106.8,109.9,-4.00,,2020
Detroit Pistons,20,46,.303,32.5,107.2,110.8,-4.38,,2020
Cleveland Cavaliers,19,46,.292,33.0,106.9,114.8,-7.77,,2020
Miami Heat*,44,29,.603,—,112.0,109.1,2.59,,2020
Orlando Magic*,33,40,.452,11.0,107.3,108.3,-0.93,,2020
Charlotte Hornets,23,42,.354,17.0,102.9,109.6,-7.03,,2020
Washington Wizards,25,47,.347,18.5,114.4,119.1,-5.24,,2020
Atlanta Hawks,20,47,.299,21.0,111.8,119.7,-7.71,,2020
,46,27,.630,—,111.3,109.2,2.35,Denver Nuggets*,2020
,44,28,.611,1.5,110.4,108.4,2.33,Oklahoma City Thunder*,2020
,44,28,.611,1.5,111.3,108.8,2.52,Utah Jazz*,2020
,35,39,.473,11.5,115.0,116.1,-0.61,Portland Trail Blazers*,2020
,19,45,.297,22.5,113.3,117.5,-4.02,Minnesota Timberwolves,2020
,52,19,.732,—,113.4,107.6,6.28,Los Angeles Lakers*,2020
,49,23,.681,3.5,116.3,109.9,6.66,Los Angeles Clippers*,2020
,34,39,.466,19.0,113.6,113.4,0.56,Phoenix Suns,2020
,31,41,.431,21.5,110.1,112.1,-1.59,Sacramento Kings,2020
,15,50,.231,34.0,106.3,115.0,-8.12,Golden State Warriors,2020
,44,28,.611,—,117.8,114.8,3.13,Houston Rockets*,2020
,43,32,.573,2.5,117.0,112.1,4.87,Dallas Mavericks*,2020
,34,39,.466,10.5,112.6,113.7,-0.91,Memphis Grizzlies,2020
,32,39,.451,11.5,114.1,115.2,-0.65,San Antonio Spurs,2020
,30,42,.417,14.0,115.8,117.1,-0.55,New Orleans Pelicans,2020
Milwaukee Bucks*,56,17,.767,—,118.7,108.6,9.41,,2020
Toronto Raptors*,53,19,.736,2.5,112.8,106.5,5.97,,2020
Boston Celtics*,48,24,.667,7.5,113.7,107.3,5.83,,2020
Indiana Pacers*,45,28,.616,11.0,109.4,107.5,1.63,,2020
Miami Heat*,44,29,.603,12.0,112.0,109.1,2.59,,2020
Philadelphia 76ers*,43,30,.589,13.0,110.7,108.4,2.25,,2020
Brooklyn Nets*,35,37,.486,20.5,111.8,112.3,-1.01,,2020
Orlando Magic*,33,40,.452,23.0,107.3,108.3,-0.93,,2020
Charlotte Hornets,23,42,.354,29.0,102.9,109.6,-7.03,,2020
Washington Wizards,25,47,.347,30.5,114.4,119.1,-5.24,,2020
Chicago Bulls,22,43,.338,30.0,106.8,109.9,-4.00,,2020
New York Knicks,21,45,.318,31.5,105.8,112.3,-6.72,,2020
Detroit Pistons,20,46,.303,32.5,107.2,110.8,-4.38,,2020
Atlanta Hawks,20,47,.299,33.0,111.8,119.7,-7.71,,2020
Cleveland Cavaliers,19,46,.292,33.0,106.9,114.8,-7.77,,2020
,52,19,.732,—,113.4,107.6,6.28,Los Angeles Lakers*,2020
,49,23,.681,3.5,116.3,109.9,6.66,Los Angeles Clippers*,2020
,46,27,.630,7.0,111.3,109.2,2.35,Denver Nuggets*,2020
,44,28,.611,8.5,117.8,114.8,3.13,Houston Rockets*,2020
,44,28,.611,8.5,110.4,108.4,2.33,Oklahoma City Thunder*,2020
,44,28,.611,8.5,111.3,108.8,2.52,Utah Jazz*,2020
,43,32,.573,11.0,117.0,112.1,4.87,Dallas Mavericks*,2020
,35,39,.473,18.5,115.0,116.1,-0.61,Portland Trail Blazers*,2020
,34,39,.466,19.0,112.6,113.7,-0.91,Memphis Grizzlies,2020
,34,39,.466,19.0,113.6,113.4,0.56,Phoenix Suns,2020
,32,39,.451,20.0,114.1,115.2,-0.65,San Antonio Spurs,2020
,31,41,.431,21.5,110.1,112.1,-1.59,Sacramento Kings,2020
,30,42,.417,22.5,115.8,117.1,-0.55,New Orleans Pelicans,2020
,19,45,.297,29.5,113.3,117.5,-4.02,Minnesota Timberwolves,2020
,15,50,.231,34.0,106.3,115.0,-8.12,Golden State Warriors,2020
Philadelphia 76ers*,49,23,.681,—,113.6,108.1,5.28,,2021
Brooklyn Nets*,48,24,.667,1.0,118.6,114.1,4.24,,2021
New York Knicks*,41,31,.569,8.0,107.0,104.7,2.13,,2021
Boston Celtics*,36,36,.500,13.0,112.6,111.2,1.32,,2021
Toronto Raptors,27,45,.375,22.0,111.3,111.7,-0.54,,2021
Milwaukee Bucks*,46,26,.639,—,120.1,114.2,5.57,,2021
Indiana Pacers,34,38,.472,12.0,115.3,115.3,-0.13,,2021
Chicago Bulls,31,41,.431,15.0,110.7,111.6,-0.94,,2021
Cleveland Cavaliers,22,50,.306,24.0,103.8,112.3,-8.19,,2021
Detroit Pistons,20,52,.278,26.0,106.6,111.1,-4.38,,2021
Atlanta Hawks*,41,31,.569,—,113.7,111.4,2.14,,2021
Miami Heat*,40,32,.556,1.0,108.1,108.0,-0.06,,2021
Washington Wizards*,34,38,.472,7.0,116.6,118.5,-1.85,,2021
Charlotte Hornets,33,39,.458,8.0,109.5,111.4,-1.94,,2021
Orlando Magic,21,51,.292,20.0,104.0,113.3,-9.02,,2021
,52,20,.722,—,116.4,107.2,8.97,Utah Jazz*,2021
,47,25,.653,5.0,115.1,110.1,4.82,Denver Nuggets*,2021
,42,30,.583,10.0,116.1,114.3,1.81,Portland Trail Blazers*,2021
,23,49,.319,29.0,112.1,117.7,-5.25,Minnesota Timberwolves,2021
,22,50,.306,30.0,105.0,115.6,-10.13,Oklahoma City Thunder,2021
,51,21,.708,—,115.3,109.5,5.67,Phoenix Suns*,2021
,47,25,.653,4.0,114.0,107.8,6.02,Los Angeles Clippers*,2021
,42,30,.583,9.0,109.5,106.8,2.77,Los Angeles Lakers*,2021
,39,33,.542,12.0,113.7,112.7,1.10,Golden State Warriors,2021
,31,41,.431,20.0,113.7,117.4,-3.45,Sacramento Kings,2021
,42,30,.583,—,112.4,110.2,2.26,Dallas Mavericks*,2021
,38,34,.528,4.0,113.3,112.3,1.07,Memphis Grizzlies*,2021
,33,39,.458,9.0,111.1,112.8,-1.58,San Antonio Spurs,2021
,31,41,.431,11.0,114.6,114.9,-0.20,New Orleans Pelicans,2021
,17,55,.236,25.0,108.8,116.7,-7.50,Houston Rockets,2021
Philadelphia 76ers*,49,23,.681,—,113.6,108.1,5.28,,2021
Brooklyn Nets*,48,24,.667,1.0,118.6,114.1,4.24,,2021
Milwaukee Bucks*,46,26,.639,3.0,120.1,114.2,5.57,,2021
New York Knicks*,41,31,.569,8.0,107.0,104.7,2.13,,2021
Atlanta Hawks*,41,31,.569,8.0,113.7,111.4,2.14,,2021
Miami Heat*,40,32,.556,9.0,108.1,108.0,-0.06,,2021
Boston Celtics*,36,36,.500,13.0,112.6,111.2,1.32,,2021
Washington Wizards*,34,38,.472,15.0,116.6,118.5,-1.85,,2021
Indiana Pacers,34,38,.472,15.0,115.3,115.3,-0.13,,2021
Charlotte Hornets,33,39,.458,16.0,109.5,111.4,-1.94,,2021
Chicago Bulls,31,41,.431,18.0,110.7,111.6,-0.94,,2021
Toronto Raptors,27,45,.375,22.0,111.3,111.7,-0.54,,2021
Cleveland Cavaliers,22,50,.306,27.0,103.8,112.3,-8.19,,2021
Orlando Magic,21,51,.292,28.0,104.0,113.3,-9.02,,2021
Detroit Pistons,20,52,.278,29.0,106.6,111.1,-4.38,,2021
,52,20,.722,—,116.4,107.2,8.97,Utah Jazz*,2021
,51,21,.708,1.0,115.3,109.5,5.67,Phoenix Suns*,2021
,47,25,.653,5.0,115.1,110.1,4.82,Denver Nuggets*,2021
,47,25,.653,5.0,114.0,107.8,6.02,Los Angeles Clippers*,2021
,42,30,.583,10.0,112.4,110.2,2.26,Dallas Mavericks*,2021
,42,30,.583,10.0,116.1,114.3,1.81,Portland Trail Blazers*,2021
,42,30,.583,10.0,109.5,106.8,2.77,Los Angeles Lakers*,2021
,39,33,.542,13.0,113.7,112.7,1.10,Golden State Warriors,2021
,38,34,.528,14.0,113.3,112.3,1.07,Memphis Grizzlies*,2021
,33,39,.458,19.0,111.1,112.8,-1.58,San Antonio Spurs,2021
,31,41,.431,21.0,114.6,114.9,-0.20,New Orleans Pelicans,2021
,31,41,.431,21.0,113.7,117.4,-3.45,Sacramento Kings,2021
,23,49,.319,29.0,112.1,117.7,-5.25,Minnesota Timberwolves,2021
,22,50,.306,30.0,105.0,115.6,-10.13,Oklahoma City Thunder,2021
,17,55,.236,35.0,108.8,116.7,-7.50,Houston Rockets,2021
Boston Celtics*,51,31,.622,—,111.8,104.5,7.02,,2022
Philadelphia 76ers*,51,31,.622,—,109.9,107.3,2.57,,2022
Toronto Raptors*,48,34,.585,3.0,109.4,107.1,2.38,,2022
Brooklyn Nets*,44,38,.537,7.0,112.9,112.1,0.82,,2022
New York Knicks,37,45,.451,14.0,106.5,106.6,-0.01,,2022
Milwaukee Bucks*,51,31,.622,—,115.5,112.1,3.22,,2022
Chicago Bulls*,46,36,.561,5.0,111.6,112.0,-0.38,,2022
Cleveland Cavaliers,44,38,.537,7.0,107.8,105.7,2.04,,2022
Indiana Pacers,25,57,.305,26.0,111.5,114.9,-3.26,,2022
Detroit Pistons,23,59,.280,28.0,104.8,112.5,-7.36,,2022
Miami Heat*,53,29,.646,—,110.0,105.6,4.23,,2022
Atlanta Hawks*,43,39,.524,10.0,113.9,112.4,1.55,,2022
Charlotte Hornets,43,39,.524,10.0,115.3,114.9,0.53,,2022
Washington Wizards,35,47,.427,18.0,108.6,112.0,-3.23,,2022
Orlando Magic,22,60,.268,31.0,104.2,112.2,-7.67,,2022
,49,33,.598,—,113.6,107.6,5.67,Utah Jazz*,2022
,48,34,.585,1.0,112.7,110.4,2.16,Denver Nuggets*,2022
,46,36,.561,3.0,115.9,113.3,2.53,Minnesota Timberwolves*,2022
,27,55,.329,22.0,106.2,115.1,-8.55,Portland Trail Blazers,2022
,24,58,.293,25.0,103.7,111.8,-7.90,Oklahoma City Thunder,2022
,64,18,.780,—,114.8,107.3,6.94,Phoenix Suns*,2022
,53,29,.646,11.0,111.0,105.5,5.52,Golden State Warriors*,2022
,42,40,.512,22.0,108.4,108.4,0.09,Los Angeles Clippers,2022
,33,49,.402,31.0,112.1,115.1,-3.08,Los Angeles Lakers,2022
,30,52,.366,34.0,110.3,115.8,-5.26,Sacramento Kings,2022
,56,26,.683,—,115.6,109.9,5.37,Memphis Grizzlies*,2022
,52,30,.634,4.0,108.0,104.7,3.12,Dallas Mavericks*,2022
,36,46,.439,20.0,109.3,110.3,-0.84,New Orleans Pelicans*,2022
,34,48,.415,22.0,113.2,113.0,0.02,San Antonio Spurs,2022
,20,62,.244,36.0,109.7,118.2,-8.26,Houston Rockets,2022
Miami Heat*,53,29,.646,—,110.0,105.6,4.23,,2022
Boston Celtics*,51,31,.622,2.0,111.8,104.5,7.02,,2022
Milwaukee Bucks*,51,31,.622,2.0,115.5,112.1,3.22,,2022
Philadelphia 76ers*,51,31,.622,2.0,109.9,107.3,2.57,,2022
Toronto Raptors*,48,34,.585,5.0,109.4,107.1,2.38,,2022
Chicago Bulls*,46,36,.561,7.0,111.6,112.0,-0.38,,2022
Brooklyn Nets*,44,38,.537,9.0,112.9,112.1,0.82,,2022
Cleveland Cavaliers,44,38,.537,9.0,107.8,105.7,2.04,,2022
Atlanta Hawks*,43,39,.524,10.0,113.9,112.4,1.55,,2022
Charlotte Hornets,43,39,.524,10.0,115.3,114.9,0.53,,2022
New York Knicks,37,45,.451,16.0,106.5,106.6,-0.01,,2022
Washington Wizards,35,47,.427,18.0,108.6,112.0,-3.23,,2022
Indiana Pacers,25,57,.305,28.0,111.5,114.9,-3.26,,2022
Detroit Pistons,23,59,.280,30.0,104.8,112.5,-7.36,,2022
Orlando Magic,22,60,.268,31.0,104.2,112.2,-7.67,,2022
,64,18,.780,—,114.8,107.3,6.94,Phoenix Suns*,2022
,56,26,.683,8.0,115.6,109.9,5.37,Memphis Grizzlies*,2022
,53,29,.646,11.0,111.0,105.5,5.52,Golden State Warriors*,2022
,52,30,.634,12.0,108.0,104.7,3.12,Dallas Mavericks*,2022
,49,33,.598,15.0,113.6,107.6,5.67,Utah Jazz*,2022
,48,34,.585,16.0,112.7,110.4,2.16,Denver Nuggets*,2022
,46,36,.561,18.0,115.9,113.3,2.53,Minnesota Timberwolves*,2022
,42,40,.512,22.0,108.4,108.4,0.09,Los Angeles Clippers,2022
,36,46,.439,28.0,109.3,110.3,-0.84,New Orleans Pelicans*,2022
,34,48,.415,30.0,113.2,113.0,0.02,San Antonio Spurs,2022
,33,49,.402,31.0,112.1,115.1,-3.08,Los Angeles Lakers,2022
,30,52,.366,34.0,110.3,115.8,-5.26,Sacramento Kings,2022
,27,55,.329,37.0,106.2,115.1,-8.55,Portland Trail Blazers,2022
,24,58,.293,40.0,103.7,111.8,-7.90,Oklahoma City Thunder,2022
,20,62,.244,44.0,109.7,118.2,-8.26,Houston Rockets,2022
Boston Celtics*,57,25,.695,—,117.9,111.4,6.38,,2023
Philadelphia 76ers*,54,28,.659,3.0,115.2,110.9,4.37,,2023
New York Knicks*,47,35,.573,10.0,116.0,113.1,2.99,,2023
Brooklyn Nets*,45,37,.549,12.0,113.4,112.5,1.03,,2023
Toronto Raptors,41,41,.500,16.0,112.9,111.4,1.59,,2023
Milwaukee Bucks*,58,24,.707,—,116.9,113.3,3.61,,2023
Cleveland Cavaliers*,51,31,.622,7.0,112.3,106.9,5.23,,2023
Chicago Bulls,40,42,.488,18.0,113.1,111.8,1.37,,2023
Indiana Pacers,35,47,.427,23.0,116.3,119.5,-2.91,,2023
Detroit Pistons,17,65,.207,41.0,110.3,118.5,-7.73,,2023
Miami Heat*,44,38,.537,—,109.5,109.8,-0.13,,2023
Atlanta Hawks*,41,41,.500,3.0,118.4,118.1,0.32,,2023
Washington Wizards,35,47,.427,9.0,113.2,114.4,-1.06,,2023
Orlando Magic,34,48,.415,10.0,111.4,114.0,-2.39,,2023
Charlotte Hornets,27,55,.329,17.0,111.0,117.2,-5.89,,2023
,53,29,.646,—,115.8,112.5,3.04,Denver Nuggets*,2023
,42,40,.512,11.0,115.8,115.8,-0.22,Minnesota Timberwolves*,2023
,40,42,.488,13.0,117.5,116.4,0.96,Oklahoma City Thunder,2023
,37,45,.451,16.0,117.1,118.0,-1.03,Utah Jazz,2023
,33,49,.402,20.0,113.4,117.4,-3.96,Portland Trail Blazers,2023
,48,34,.585,—,120.7,118.1,2.30,Sacramento Kings*,2023
,45,37,.549,3.0,113.6,111.6,2.08,Phoenix Suns*,2023
,44,38,.537,4.0,113.6,113.1,0.31,Los Angeles Clippers*,2023
,44,38,.537,4.0,118.9,117.1,1.66,Golden State Warriors*,2023
,43,39,.524,5.0,117.2,116.6,0.43,Los Angeles Lakers*,2023
,51,31,.622,—,116.9,113.0,3.60,Memphis Grizzlies*,2023
,42,40,.512,9.0,114.4,112.5,1.63,New Orleans Pelicans,2023
,38,44,.463,13.0,114.2,114.1,-0.14,Dallas Mavericks,2023
,22,60,.268,29.0,110.7,118.6,-7.62,Houston Rockets,2023
,22,60,.268,29.0,113.0,123.1,-9.82,San Antonio Spurs,2023
Milwaukee Bucks*,58,24,.707,—,116.9,113.3,3.61,,2023
Boston Celtics*,57,25,.695,1.0,117.9,111.4,6.38,,2023
Philadelphia 76ers*,54,28,.659,4.0,115.2,110.9,4.37,,2023
Cleveland Cavaliers*,51,31,.622,7.0,112.3,106.9,5.23,,2023
New York Knicks*,47,35,.573,11.0,116.0,113.1,2.99,,2023
Brooklyn Nets*,45,37,.549,13.0,113.4,112.5,1.03,,2023
Miami Heat*,44,38,.537,14.0,109.5,109.8,-0.13,,2023
Atlanta Hawks*,41,41,.500,17.0,118.4,118.1,0.32,,2023
Toronto Raptors,41,41,.500,17.0,112.9,111.4,1.59,,2023
Chicago Bulls,40,42,.488,18.0,113.1,111.8,1.37,,2023
Indiana Pacers,35,47,.427,23.0,116.3,119.5,-2.91,,2023
Washington Wizards,35,47,.427,23.0,113.2,114.4,-1.06,,2023
Orlando Magic,34,48,.415,24.0,111.4,114.0,-2.39,,2023
Charlotte Hornets,27,55,.329,31.0,111.0,117.2,-5.89,,2023
Detroit Pistons,17,65,.207,41.0,110.3,118.5,-7.73,,2023
,53,29,.646,—,115.8,112.5,3.04,Denver Nuggets*,2023
,51,31,.622,2.0,116.9,113.0,3.60,Memphis Grizzlies*,2023
,48,34,.585,5.0,120.7,118.1,2.30,Sacramento Kings*,2023
,45,37,.549,8.0,113.6,111.6,2.08,Phoenix Suns*,2023
,44,38,.537,9.0,113.6,113.1,0.31,Los Angeles Clippers*,2023
,44,38,.537,9.0,118.9,117.1,1.66,Golden State Warriors*,2023
,43,39,.524,10.0,117.2,116.6,0.43,Los Angeles Lakers*,2023
,42,40,.512,11.0,115.8,115.8,-0.22,Minnesota Timberwolves*,2023
,42,40,.512,11.0,114.4,112.5,1.63,New Orleans Pelicans,2023
,40,42,.488,13.0,117.5,116.4,0.96,Oklahoma City Thunder,2023
,38,44,.463,15.0,114.2,114.1,-0.14,Dallas Mavericks,2023
,37,45,.451,16.0,117.1,118.0,-1.03,Utah Jazz,2023
,33,49,.402,20.0,113.4,117.4,-3.96,Portland Trail Blazers,2023
,22,60,.268,31.0,110.7,118.6,-7.62,Houston Rockets,2023
,22,60,.268,31.0,113.0,123.1,-9.82,San Antonio Spurs,2023
Boston Celtics*,64,18,.780,—,120.6,109.2,10.75,,2024
New York Knicks*,50,32,.610,14.0,112.8,108.2,4.36,,2024
Philadelphia 76ers*,47,35,.573,17.0,114.6,111.5,2.51,,2024
Brooklyn Nets,32,50,.390,32.0,110.4,113.3,-3.02,,2024
Toronto Raptors,25,57,.305,39.0,112.4,118.8,-6.45,,2024
Milwaukee Bucks*,49,33,.598,—,119.0,116.4,2.44,,2024
Cleveland Cavaliers*,48,34,.585,1.0,112.6,110.2,1.98,,2024
Indiana Pacers*,47,35,.573,2.0,123.3,120.2,2.75,,2024
Chicago Bulls,39,43,.476,10.0,112.3,113.7,-1.77,,2024
Detroit Pistons,14,68,.171,35.0,109.9,119.0,-9.06,,2024
Orlando Magic*,47,35,.573,—,110.5,108.4,1.48,,2024
Miami Heat*,46,36,.561,1.0,110.1,108.4,1.10,,2024
Atlanta Hawks,36,46,.439,11.0,118.3,120.5,-2.38,,2024
Charlotte Hornets,21,61,.256,26.0,106.6,116.8,-10.12,,2024
Washington Wizards,15,67,.183,32.0,113.7,123.0,-9.29,,2024
,57,25,.695,—,120.1,112.7,7.36,Oklahoma City Thunder*,2024
,57,25,.695,—,114.9,109.6,5.23,Denver Nuggets*,2024
,56,26,.683,1.0,113.0,106.5,6.39,Minnesota Timberwolves*,2024
,31,51,.378,26.0,115.7,120.5,-4.22,Utah Jazz,2024
,21,61,.256,36.0,106.4,115.4,-8.29,Portland Trail Blazers,2024
,51,31,.622,—,115.6,112.3,3.41,Los Angeles Clippers*,2024
,49,33,.598,2.0,116.2,113.2,3.08,Phoenix Suns*,2024
,47,35,.573,4.0,118.0,117.4,1.07,Los Angeles Lakers*,2024
,46,36,.561,5.0,116.6,114.8,2.29,Sacramento Kings,2024
,46,36,.561,5.0,117.8,115.2,2.77,Golden State Warriors,2024
,50,32,.610,—,117.9,115.6,2.30,Dallas Mavericks*,2024
,49,33,.598,1.0,115.1,110.7,4.46,New Orleans Pelicans*,2024
,41,41,.500,9.0,114.3,113.2,1.24,Houston Rockets,2024
,27,55,.329,23.0,105.8,112.8,-6.57,Memphis Grizzlies,2024
,22,60,.268,28.0,112.1,118.6,-5.80,San Antonio Spurs,2024
Boston Celtics*,64,18,.780,—,120.6,109.2,10.75,,2024
New York Knicks*,50,32,.610,14.0,112.8,108.2,4.36,,2024
Milwaukee Bucks*,49,33,.598,15.0,119.0,116.4,2.44,,2024
Cleveland Cavaliers*,48,34,.585,16.0,112.6,110.2,1.98,,2024
Orlando Magic*,47,35,.573,17.0,110.5,108.4,1.48,,2024
Indiana Pacers*,47,35,.573,17.0,123.3,120.2,2.75,,2024
Philadelphia 76ers*,47,35,.573,17.0,114.6,111.5,2.51,,2024
Miami Heat*,46,36,.561,18.0,110.1,108.4,1.10,,2024
Chicago Bulls,39,43,.476,25.0,112.3,113.7,-1.77,,2024
Atlanta Hawks,36,46,.439,28.0,118.3,120.5,-2.38,,2024
Brooklyn Nets,32,50,.390,32.0,110.4,113.3,-3.02,,2024
Toronto Raptors,25,57,.305,39.0,112.4,118.8,-6.45,,2024
Charlotte Hornets,21,61,.256,43.0,106.6,116.8,-10.12,,2024
Washington Wizards,15,67,.183,49.0,113.7,123.0,-9.29,,2024
Detroit Pistons,14,68,.171,50.0,109.9,119.0,-9.06,,2024
,57,25,.695,—,120.1,112.7,7.36,Oklahoma City Thunder*,2024
,57,25,.695,—,114.9,109.6,5.23,Denver Nuggets*,2024
,56,26,.683,1.0,113.0,106.5,6.39,Minnesota Timberwolves*,2024
,51,31,.622,6.0,115.6,112.3,3.41,Los Angeles Clippers*,2024
,50,32,.610,7.0,117.9,115.6,2.30,Dallas Mavericks*,2024
,49,33,.598,8.0,116.2,113.2,3.08,Phoenix Suns*,2024
,49,33,.598,8.0,115.1,110.7,4.46,New Orleans Pelicans*,2024
,47,35,.573,10.0,118.0,117.4,1.07,Los Angeles Lakers*,2024
,46,36,.561,11.0,116.6,114.8,2.29,Sacramento Kings,2024
,46,36,.561,11.0,117.8,115.2,2.77,Golden State Warriors,2024
,41,41,.500,16.0,114.3,113.2,1.24,Houston Rockets,2024
,31,51,.378,26.0,115.7,120.5,-4.22,Utah Jazz,2024
,27,55,.329,30.0,105.8,112.8,-6.57,Memphis Grizzlies,2024
,22,60,.268,35.0,112.1,118.6,-5.80,San Antonio Spurs,2024
,21,61,.256,36.0,106.4,115.4,-8.29,Portland Trail Blazers,2024
Boston Celtics*,61,21,.744,—,116.3,107.2,8.28,,2025
New York Knicks*,51,31,.622,10.0,115.8,111.7,3.59,,2025
Toronto Raptors,30,52,.366,31.0,110.9,115.2,-4.40,,2025
Brooklyn Nets,26,56,.317,35.0,105.1,112.2,-6.95,,2025
Philadelphia 76ers,24,58,.293,37.0,109.6,115.8,-6.29,,2025
Cleveland Cavaliers*,64,18,.780,—,121.9,112.4,8.81,,2025
Indiana Pacers*,50,32,.610,14.0,117.4,115.1,1.68,,2025
Milwaukee Bucks*,48,34,.585,16.0,115.5,113.0,2.12,,2025
Detroit Pistons*,44,38,.537,20.0,115.5,113.6,1.73,,2025
Chicago Bulls,39,43,.476,25.0,117.8,119.4,-1.83,,2025
Orlando Magic*,41,41,.500,—,105.4,105.5,-0.70,,2025
Atlanta Hawks,40,42,.488,1.0,118.2,119.3,-1.41,,2025
Miami Heat*,37,45,.451,4.0,110.6,110.0,0.11,,2025
Charlotte Hornets,19,63,.232,22.0,105.1,114.2,-9.10,,2025
Washington Wizards,18,64,.220,23.0,108.0,120.4,-12.14,,2025
,68,14,.829,—,120.5,107.6,12.70,Oklahoma City Thunder*,2025
,50,32,.610,18.0,120.8,116.9,3.97,Denver Nuggets*,2025
,49,33,.598,19.0,114.3,109.3,5.15,Minnesota Timberwolves*,2025
,36,46,.439,32.0,110.9,113.9,-2.67,Portland Trail Blazers,2025
,17,65,.207,51.0,111.9,121.2,-8.51,Utah Jazz,2025
,50,32,.610,—,113.4,112.2,1.45,Los Angeles Lakers*,2025
,50,32,.610,—,112.9,108.2,4.84,Los Angeles Clippers*,2025
,48,34,.585,2.0,113.8,110.5,3.56,Golden State Warriors*,2025
,40,42,.488,10.0,115.7,115.3,0.58,Sacramento Kings,2025
,36,46,.439,14.0,113.6,116.6,-2.55,Phoenix Suns,2025
,52,30,.634,—,114.3,109.8,4.97,Houston Rockets*,2025
,48,34,.585,4.0,121.7,116.9,4.79,Memphis Grizzlies*,2025
,39,43,.476,13.0,114.2,115.4,-0.74,Dallas Mavericks,2025
,34,48,.415,18.0,113.9,116.7,-2.45,San Antonio Spurs,2025
,21,61,.256,31.0,109.8,119.3,-8.59,New Orleans Pelicans,2025
Cleveland Cavaliers*,64,18,.780,—,121.9,112.4,8.81,,2025
Boston Celtics*,61,21,.744,3.0,116.3,107.2,8.28,,2025
New York Knicks*,51,31,.622,13.0,115.8,111.7,3.59,,2025
Indiana Pacers*,50,32,.610,14.0,117.4,115.1,1.68,,2025
Milwaukee Bucks*,48,34,.585,16.0,115.5,113.0,2.12,,2025
Detroit Pistons*,44,38,.537,20.0,115.5,113.6,1.73,,2025
Orlando Magic*,41,41,.500,23.0,105.4,105.5,-0.70,,2025
Atlanta Hawks,40,42,.488,24.0,118.2,119.3,-1.41,,2025
Chicago Bulls,39,43,.476,25.0,117.8,119.4,-1.83,,2025
Miami Heat*,37,45,.451,27.0,110.6,110.0,0.11,,2025
Toronto Raptors,30,52,.366,34.0,110.9,115.2,-4.40,,2025
Brooklyn Nets,26,56,.317,38.0,105.1,112.2,-6.95,,2025
Philadelphia 76ers,24,58,.293,40.0,109.6,115.8,-6.29,,2025
Charlotte Hornets,19,63,.232,45.0,105.1,114.2,-9.10,,2025
Washington Wizards,18,64,.220,46.0,108.0,120.4,-12.14,,2025
,68,14,.829,—,120.5,107.6,12.70,Oklahoma City Thunder*,2025
,52,30,.634,16.0,114.3,109.8,4.97,Houston Rockets*,2025
,50,32,.610,18.0,113.4,112.2,1.45,Los Angeles Lakers*,2025
,50,32,.610,18.0,120.8,116.9,3.97,Denver Nuggets*,2025
,50,32,.610,18.0,112.9,108.2,4.84,Los Angeles Clippers*,2025
,49,33,.598,19.0,114.3,109.3,5.15,Minnesota Timberwolves*,2025
,48,34,.585,20.0,113.8,110.5,3.56,Golden State Warriors*,2025
,48,34,.585,20.0,121.7,116.9,4.79,Memphis Grizzlies*,2025
,40,42,.488,28.0,115.7,115.3,0.58,Sacramento Kings,2025
,39,43,.476,29.0,114.2,115.4,-0.74,Dallas Mavericks,2025
,36,46,.439,32.0,113.6,116.6,-2.55,Phoenix Suns,2025
,36,46,.439,32.0,110.9,113.9,-2.67,Portland Trail Blazers,2025
,34,48,.415,34.0,113.9,116.7,-2.45,San Antonio Spurs,2025
,21,61,.256,47.0,109.8,119.3,-8.59,New Orleans Pelicans,2025
,17,65,.207,51.0,111.9,121.2,-8.51,Utah Jazz,2025
